NO;TANGGAL;KETERANGAN;NO_REFF;KODE_AKUN;DEBIT;KREDIT
1;01/12/2025;Pembelian 200 kg semangka SPPG MBS Wanayasa ke Bu Lis;;1131;1860000;0
2;01/12/2025;Pembelian 200 kg semangka SPPG MBS Wanayasa ke Bu Lis;;2111;0;1860000
3;01/12/2025;Pembelian 80 kg kelengkeng SPPG Kutabanjarnegara ke Bu Lis;;1131;3080000;0
4;01/12/2025;Pembelian 80 kg kelengkeng SPPG Kutabanjarnegara ke Bu Lis;;2111;0;3080000
5;01/12/2025;Pembelian persediaan ke SBS (invoice 3/12);;1131;1993025;0
6;01/12/2025;Pembelian persediaan ke SBS (invoice 3/12);;2111;0;1993025
7;01/12/2025;Pelunasan piutang penjualan 50 kg beras dan 24 kg semangka (penjualan 17/11);;1111;941000;0
8;01/12/2025;Pelunasan piutang penjualan 50 kg beras dan 24 kg semangka (penjualan 17/11);;1121;0;941000
9;01/12/2025;Pembelian 200 pcs tempe;;1131;480000;0
10;01/12/2025;Pembelian 200 pcs tempe;;1111;0;480000
11;01/12/2025;Pembelian 100 pcs tempe;;1131;240000;0
12;01/12/2025;Pembelian 100 pcs tempe;;1111;0;240000
13;01/12/2025;Pembelian 25 kg selada ke Berkah Saputra;;1131;850000;0
14;01/12/2025;Pembelian 25 kg selada ke Berkah Saputra;;2111;0;850000
15;01/12/2025;Pembelian 175 kg ayam ke Restu Jaya;;1131;5950000;0
16;01/12/2025;Pembelian 175 kg ayam ke Restu Jaya;;2111;0;5950000
17;01/12/2025;Pengiriman SPPG Merden (pemesanan 29/11);;5111;6602800;0
18;01/12/2025;Pengiriman SPPG Merden (pemesanan 29/11);;1131;0;6602800
19;01/12/2025;Pengiriman SPPG Merden (pemesanan 29/11);;1121;7645000;0
20;01/12/2025;Pengiriman SPPG Merden (pemesanan 29/11);;4111;0;7645000
21;01/12/2025;Pengiriman SPPG Kutabanjarnegara (pemesanan 29/11);;5111;14313802;0
22;01/12/2025;Pengiriman SPPG Kutabanjarnegara (pemesanan 29/11);;1131;0;14313802
23;01/12/2025;Pengiriman SPPG Kutabanjarnegara (pemesanan 29/11);;1121;16052000;0
24;01/12/2025;Pengiriman SPPG Kutabanjarnegara (pemesanan 29/11);;4111;0;16052000
25;01/12/2025;Pelunasan utang kas masuk untuk pembelian BBM (transaksi 30/11);;2141;150000;0
26;01/12/2025;Pelunasan utang kas masuk untuk pembelian BBM (transaksi 30/11);;1111;0;150000
27;01/12/2025;Pelunasan utang kas masuk untuk akomodasi makan pengiriman (transaksi 30/11);;2141;25000;0
28;01/12/2025;Pelunasan utang kas masuk untuk akomodasi makan pengiriman (transaksi 30/11);;1111;0;25000
29;01/12/2025;Pelunasan utang pembelian tahu dan tomat (pembelian 25/11, 27/11, dan 30/11);;2111;4046500;0
30;01/12/2025;Pelunasan utang pembelian tahu dan tomat (pembelian 25/11, 27/11, dan 30/11);;5221;2500;0
31;01/12/2025;Pelunasan utang pembelian tahu dan tomat (pembelian 25/11, 27/11, dan 30/11);;1112;0;4048500
32;01/12/2025;Pelunasan utang pembelian tahu dan tomat (pembelian 25/11, 27/11, dan 30/11);;6111;0;500
33;01/12/2025;Pelunasan piutang SPP Kutabanjarnegara (pengiriman 24/11, 25/11, 26/11, dan 27/11);;1112;78376000;0
34;01/12/2025;Pelunasan piutang SPP Kutabanjarnegara (pengiriman 24/11, 25/11, 26/11, dan 27/11);;1121;0;78376000
35;01/12/2025;Reimburse pembelian pallet ke BSI Pak Galih (pembelian 27/11);;2111;504300;0
36;01/12/2025;Reimburse pembelian pallet ke BSI Pak Galih (pembelian 27/11);;5221;2500;0
37;01/12/2025;Reimburse pembelian pallet ke BSI Pak Galih (pembelian 27/11);;1112;0;506800
38;01/12/2025;Kas bon pembelian BBM;;1122;150000;0
39;01/12/2025;Kas bon pembelian BBM;;1111;0;150000
40;01/12/2025;Pelunasan kas bon pembelian BBM;;1111;150000;0
41;01/12/2025;Pelunasan kas bon pembelian BBM;;1122;0;150000
42;01/12/2025;Pembelian BBM;;5172;150000;0
43;01/12/2025;Pembelian BBM;;1111;0;150000
44;01/12/2025;Pembelian 400 kg beras ke Bu Lis;;1131;5560000;0
45;01/12/2025;Pembelian 400 kg beras ke Bu Lis;;2111;0;5560000
46;01/12/2025;Pelunasan piutang SPPG MBS Wanayasa (pengiriman 23/11);;1112;6455500;0
47;01/12/2025;Pelunasan piutang SPPG MBS Wanayasa (pengiriman 23/11);;1121;0;6455500
48;01/12/2025;Pelunasan piutang SPPG MBS Wanayasa (pengiriman 24/11);;1112;4471000;0
49;01/12/2025;Pelunasan piutang SPPG MBS Wanayasa (pengiriman 24/11);;1121;0;4471000
50;01/12/2025;Pelunasan piutang SPPG MBS Wanayasa (pengiriman 26/11);;1112;30578100;0
51;01/12/2025;Pelunasan piutang SPPG MBS Wanayasa (pengiriman 26/11);;1121;0;30578100
52;01/12/2025;Pelunasan utang pembelian persediaan ke SBS (pembelian 24/11 dan 26/11);;2111;5484700;0
53;01/12/2025;Pelunasan utang pembelian persediaan ke SBS (pembelian 24/11 dan 26/11);;1112;0;5484700
54;01/12/2025;Pelunasan utang pembelian sayur ke Berkah Saputra (pembelian 24/11 - 27/11);;2111;1857500;0
55;01/12/2025;Pelunasan utang pembelian sayur ke Berkah Saputra (pembelian 24/11 - 27/11);;1112;0;1857500
56;01/12/2025;Pelunasan utang pembelian kacang polong ke Sarah Matari (pembelian 29/11);;2111;4680000;0
57;01/12/2025;Pelunasan utang pembelian kacang polong ke Sarah Matari (pembelian 29/11);;5221;2500;0
58;01/12/2025;Pelunasan utang pembelian kacang polong ke Sarah Matari (pembelian 29/11);;1112;0;4682500
59;01/12/2025;Pembelian 300 kg mix vegetable dan 95 kg galantin ke Sarah Matari;;1131;14907500;0
60;01/12/2025;Pembelian 300 kg mix vegetable dan 95 kg galantin ke Sarah Matari;;2111;0;14907500
61;02/12/2025;Pembelian 2 pcs tissue;;1141;15000;0
62;02/12/2025;Pembelian 2 pcs tissue;;1111;0;15000
63;02/12/2025;Pembelian tempat penyimpanan sendok;;1141;29500;0
64;02/12/2025;Pembelian tempat penyimpanan sendok;;1111;0;29500
65;02/12/2025;Parkir di Topaz;;5191;2000;0
66;02/12/2025;Parkir di Topaz;;1111;0;2000
67;02/12/2025;1,5 kg telur pecah;;5311;38250;0
68;02/12/2025;1,5 kg telur pecah;;1131;0;38250
69;02/12/2025;Pelunasan piutang edamame SPPG Merden (pengiriman 24/11);;1112;2960000;0
70;02/12/2025;Pelunasan piutang edamame SPPG Merden (pengiriman 24/11);;1121;0;2960000
71;02/12/2025;Pelunasan utang pembelian 2500 kg beras ke Bu Lis (pembelian 8/11);;2111;35000000;0
72;02/12/2025;Pelunasan utang pembelian 2500 kg beras ke Bu Lis (pembelian 8/11);;5221;2500;0
73;02/12/2025;Pelunasan utang pembelian 2500 kg beras ke Bu Lis (pembelian 8/11);;1112;0;35002500
74;02/12/2025;Pelunasan utang pembelian 200 kg telur tadus (pembelian 26/11);;2111;5100000;0
75;02/12/2025;Pelunasan utang pembelian 200 kg telur tadus (pembelian 26/11);;5221;2500;0
76;02/12/2025;Pelunasan utang pembelian 200 kg telur tadus (pembelian 26/11);;1112;0;5102500
77;02/12/2025;Pembelian 199 kg melon ke Pak Pur;;1131;2686500;0
78;02/12/2025;Pembelian 199 kg melon ke Pak Pur;;2111;0;2686500
79;02/12/2025;Pembelian persediaan ke SBS (invoice 3/12);;1131;2679500;0
80;02/12/2025;Pembelian persediaan ke SBS (invoice 3/12);;2111;0;2679500
81;02/12/2025;Pembelian 150 kg jeruk medan SPPG Kutabanjarnegara ke Bu Lis;;1131;3450000;0
82;02/12/2025;Pembelian 150 kg jeruk medan SPPG Kutabanjarnegara ke Bu Lis;;2111;0;3450000
83;02/12/2025;Pembelian 1000 pcs tahu bakso ke Bu Fitri;;1131;1750000;0
84;02/12/2025;Pembelian 1000 pcs tahu bakso ke Bu Fitri;;2111;0;1750000
85;02/12/2025;Pembelian 1060 pcs tahu bakso ke Ummana Food;;1131;1855000;0
86;02/12/2025;Pembelian 1060 pcs tahu bakso ke Ummana Food;;2111;0;1855000
87;02/12/2025;Pengiriman SPPG MBS Wanayasa (pemesanan 28/11);;5111;14689100;0
88;02/12/2025;Pengiriman SPPG MBS Wanayasa (pemesanan 28/11);;1131;0;14689100
89;02/12/2025;Pengiriman SPPG MBS Wanayasa (pemesanan 28/11);;1121;18020500;0
90;02/12/2025;Pengiriman SPPG MBS Wanayasa (pemesanan 28/11);;4111;0;18020500
91;02/12/2025;Pengiriman SPPG Merden (pemesanan 29/11);;5111;6697500;0
92;02/12/2025;Pengiriman SPPG Merden (pemesanan 29/11);;1131;0;6697500
93;02/12/2025;Pengiriman SPPG Merden (pemesanan 29/11);;1121;7653500;0
94;02/12/2025;Pengiriman SPPG Merden (pemesanan 29/11);;4111;0;7653500
95;02/12/2025;Pengiriman SPPG Susukan (pemesanan 29/11);;5111;11058000;0
96;02/12/2025;Pengiriman SPPG Susukan (pemesanan 29/11);;1131;0;11058000
97;02/12/2025;Pengiriman SPPG Susukan (pemesanan 29/11);;1121;12028000;0
98;02/12/2025;Pengiriman SPPG Susukan (pemesanan 29/11);;4111;0;12028000
99;02/12/2025;Pengiriman SPPG Kutabanjarnegara (pemesanan 29/11);;5111;16723403;0
100;02/12/2025;Pengiriman SPPG Kutabanjarnegara (pemesanan 29/11);;1131;0;16723403
101;02/12/2025;Pengiriman SPPG Kutabanjarnegara (pemesanan 29/11);;1121;19100000;0
102;02/12/2025;Pengiriman SPPG Kutabanjarnegara (pemesanan 29/11);;4111;0;19100000
103;02/12/2025;Pembelian perlengkapan listrik;;1141;532500;0
104;02/12/2025;Pembelian perlengkapan listrik;;1111;0;532500
105;02/12/2025;Pembelian galon isi ulang;;5171;8000;0
106;02/12/2025;Pembelian galon isi ulang;;1111;0;8000
107;02/12/2025;Pelunasan utang pembelian persediaan ke Bu Lis (pembelian 17/11 - 23/11);;2111;44914100;0
108;02/12/2025;Pelunasan utang pembelian persediaan ke Bu Lis (pembelian 17/11 - 23/11);;1112;0;44914100
109;02/12/2025;Pembayaran gaji bulan November ke Mas Dandi;;2121;2370475;0
110;02/12/2025;Pembayaran gaji bulan November ke Mas Dandi;;5221;2500;0
111;02/12/2025;Pembayaran gaji bulan November ke Mas Dandi;;1112;0;2372975
112;02/12/2025;Pembayaran gaji bulan November ke Mba Ruhma;;2121;2120035;0
113;02/12/2025;Pembayaran gaji bulan November ke Mba Ruhma;;5221;2500;0
114;02/12/2025;Pembayaran gaji bulan November ke Mba Ruhma;;1112;0;2122535
115;02/12/2025;Reimburse pembelian akomodasi makan ke Pak Sodik;;5171;36000;0
116;02/12/2025;Reimburse pembelian akomodasi makan ke Pak Sodik;;1111;0;36000
117;02/12/2025;Pembelian akomodasi makan perbaikan listrik;;5171;45000;0
118;02/12/2025;Pembelian akomodasi makan perbaikan listrik;;1111;0;45000
119;02/12/2025;Perbaikan listrik;;5161;300000;0
120;02/12/2025;Perbaikan listrik;;1111;0;300000
121;02/12/2025;Penjualan 1 kg telur ke Pak Anwar;;5111;25700;0
122;02/12/2025;Penjualan 1 kg telur ke Pak Anwar;;1131;0;25700
123;02/12/2025;Penjualan 1 kg telur ke Pak Anwar;;1111;29000;0
124;02/12/2025;Penjualan 1 kg telur ke Pak Anwar;;4111;0;29000
125;03/12/2025;Pembelian 50 kg anggur merah SPPG MBS Wanayasa ke Bu Lis;;1131;2300000;0
126;03/12/2025;Pembelian 50 kg anggur merah SPPG MBS Wanayasa ke Bu Lis;;2111;0;2300000
127;03/12/2025;Pembelian 70 kg kelengkeng SPPG Kutabanjarnegara ke Bu Lis;;1131;2695000;0
128;03/12/2025;Pembelian 70 kg kelengkeng SPPG Kutabanjarnegara ke Bu Lis;;2111;0;2695000
129;03/12/2025;Pembelian 216 kg beras ke Bu Lis;;1131;2883600;0
130;03/12/2025;Pembelian 216 kg beras ke Bu Lis;;2111;0;2883600
131;03/12/2025;Pembelian persediaan ke SBS (invoice 3/12);;1131;2118220;0
132;03/12/2025;Pembelian persediaan ke SBS (invoice 3/12);;2111;0;2118220
133;03/12/2025;Pembelian 110 kg ayam ke Restu Jaya;;1131;4950000;0
134;03/12/2025;Pembelian 110 kg ayam ke Restu Jaya;;2111;0;4950000
135;03/12/2025;Pembelian 330 pcs tempe;;1131;792000;0
136;03/12/2025;Pembelian 330 pcs tempe;;2111;0;792000
137;03/12/2025;Pembelian 40 kg wortel, 30 kg kol, dan 6 kg kol ungu ke Berkah Saputra;;1131;912000;0
138;03/12/2025;Pembelian 40 kg wortel, 30 kg kol, dan 6 kg kol ungu ke Berkah Saputra;;2111;0;912000
139;03/12/2025;Pengiriman SPPG Kutabanjarnegara (pemesanan 29/11);;5111;14146656;0
140;03/12/2025;Pengiriman SPPG Kutabanjarnegara (pemesanan 29/11);;1131;0;14146656
141;03/12/2025;Pengiriman SPPG Kutabanjarnegara (pemesanan 29/11);;1121;15876800;0
142;03/12/2025;Pengiriman SPPG Kutabanjarnegara (pemesanan 29/11);;4111;0;15876800
143;03/12/2025;Pembayaran sewa mobil L300 bulan November 2025;;2131;6000000;0
144;03/12/2025;Pembayaran sewa mobil L300 bulan November 2025;;1112;0;6000000
145;04/12/2025;Pembelian 2070 pcs pisang SPPG Kutabanjarnegara ke Bu Lis;;1131;1449000;0
146;04/12/2025;Pembelian 2070 pcs pisang SPPG Kutabanjarnegara ke Bu Lis;;2111;0;1449000
147;04/12/2025;Pembelian 1400 pcs susu ultramimi full cream ke Bu Lis;;1131;4200000;0
148;04/12/2025;Pembelian 1400 pcs susu ultramimi full cream ke Bu Lis;;2111;0;4200000
149;04/12/2025;Pembelian 2600 pcs susu ultramimi full cream SPPG MBS Wanayasa ke Bu Lis;;1131;7800000;0
150;04/12/2025;Pembelian 2600 pcs susu ultramimi full cream SPPG MBS Wanayasa ke Bu Lis;;2111;0;7800000
151;04/12/2025;Pembelian 90 kg anggur merah SPPG MBS Wanayasa ke Bu Lis;;1131;4140000;0
152;04/12/2025;Pembelian 90 kg anggur merah SPPG MBS Wanayasa ke Bu Lis;;2111;0;4140000
153;04/12/2025;Pembelian 10 kg jagung manis ke Bu Lis;;1131;80000;0
154;04/12/2025;Pembelian 10 kg jagung manis ke Bu Lis;;2111;0;80000
155;04/12/2025;Pembelian 2100 pcs tahu kulit ke Ummana Food;;1131;1260000;0
156;04/12/2025;Pembelian 2100 pcs tahu kulit ke Ummana Food;;2111;0;1260000
157;04/12/2025;Pembelian 39 kg wortel, 24 kg selada, dan 75 kg sawi putih ke Berkah Saputra;;1131;1963500;0
158;04/12/2025;Pembelian 39 kg wortel, 24 kg selada, dan 75 kg sawi putih ke Berkah Saputra;;2111;0;1963500
159;04/12/2025;Pengiriman SPPG Kutabanjarnegara (pemesanan 29/11);;5111;14379644;0
160;04/12/2025;Pengiriman SPPG Kutabanjarnegara (pemesanan 29/11);;1131;0;14379644
161;04/12/2025;Pengiriman SPPG Kutabanjarnegara (pemesanan 29/11);;1121;16060200;0
162;04/12/2025;Pengiriman SPPG Kutabanjarnegara (pemesanan 29/11);;4111;0;16060200
163;04/12/2025;Pembelian 200 kg telur tadus;;1131;5220000;0
164;04/12/2025;Pembelian 200 kg telur tadus;;2111;0;5220000
165;04/12/2025;Kas masuk untuk kas bon pembelian BBM dari Mba Ruhma;;1111;100000;0
166;04/12/2025;Kas masuk untuk kas bon pembelian BBM dari Mba Ruhma;;2142;0;100000
167;04/12/2025;Kas bon pembelian BBM;;1122;200000;0
168;04/12/2025;Kas bon pembelian BBM;;1111;0;200000
169;04/12/2025;Pelunasan piutang SPPG Kutabanjarnegara (pengiriman 14/11 dan 26/11);;1112;188000;0
170;04/12/2025;Pelunasan piutang SPPG Kutabanjarnegara (pengiriman 14/11 dan 26/11);;1121;0;188000
171;04/12/2025;Pembelian 784 kg mangga arumanis SPPG MBS Wanayasa ke Bu Lis;;1131;10976000;0
172;04/12/2025;Pembelian 784 kg mangga arumanis SPPG MBS Wanayasa ke Bu Lis;;2111;0;10976000
173;04/12/2025;Pengiriman SPPG MBS Wanayasa (pemesanan 28/11);;5111;25783050;0
174;04/12/2025;Pengiriman SPPG MBS Wanayasa (pemesanan 28/11);;1131;0;25783050
175;04/12/2025;Pengiriman SPPG MBS Wanayasa (pemesanan 28/11);;1121;28300000;0
176;04/12/2025;Pengiriman SPPG MBS Wanayasa (pemesanan 28/11);;4111;0;28300000
177;04/12/2025;Pelunasan kas bon pembelian BBM;;1111;200000;0
178;04/12/2025;Pelunasan kas bon pembelian BBM;;1122;0;200000
179;04/12/2025;Pembelian BBM;;5172;200000;0
180;04/12/2025;Pembelian BBM;;1111;0;200000
181;06/12/2025;Pelunasan piutang SPPG Merden (pengiriman 23/11);;1112;10640700;0
182;06/12/2025;Pelunasan piutang SPPG Merden (pengiriman 23/11);;1121;0;10640700
183;06/12/2025;Pelunasan piutang SPPG Merden (pengiriman 25/11);;1112;6619500;0
184;06/12/2025;Pelunasan piutang SPPG Merden (pengiriman 25/11);;1121;0;6619500
185;06/12/2025;Pelunasan piutang SPPG Merden (pengiriman 26/11);;1112;17008600;0
186;06/12/2025;Pelunasan piutang SPPG Merden (pengiriman 26/11);;1121;0;17008600
187;06/12/2025;Kas masuk ke kas harian dari kas di bank;;1111;6000000;0
188;06/12/2025;Kas masuk ke kas harian dari kas di bank;;1112;0;6000000
189;06/12/2025;Kas bon belanja persediaan;;1121;4000000;0
190;06/12/2025;Kas bon belanja persediaan;;1111;0;4000000
191;06/12/2025;Pelunasan utang kas masuk untuk kas bon pembelian BBM ke Mba Ruhma;;2142;100000;0
192;06/12/2025;Pelunasan utang kas masuk untuk kas bon pembelian BBM ke Mba Ruhma;;1111;0;100000
193;06/12/2025;Piutang modal pembelian kopi retail;;1124;1400000;0
194;06/12/2025;Piutang modal pembelian kopi retail;;1111;0;1400000
195;06/12/2025;Pelunasan utang pembelian 330 pcs tempe (pembelian 3/12);;2111;792000;0
196;06/12/2025;Pelunasan utang pembelian 330 pcs tempe (pembelian 3/12);;1112;0;792000
197;06/12/2025;Pelunasan utang pembelian 805 kg beras SPPG Merden (pembelian 17/11);;2111;10867500;0
198;06/12/2025;Pelunasan utang pembelian 805 kg beras SPPG Merden (pembelian 17/11);;5221;6500;0
199;06/12/2025;Pelunasan utang pembelian 805 kg beras SPPG Merden (pembelian 17/11);;1112;0;10873500
200;06/12/2025;Pelunasan utang pembelian 805 kg beras SPPG Merden (pembelian 17/11);;6111;0;500
201;06/12/2025;Pelunasan utang pembelian tahu bakso dan tahu kulit ke Ummana Food (pembelian 2/12 dan 4/12);;2111;3115000;0
202;06/12/2025;Pelunasan utang pembelian tahu bakso dan tahu kulit ke Ummana Food (pembelian 2/12 dan 4/12);;1112;0;3115000
203;06/12/2025;Pelunasan kas bon belanja  persediaan;;1111;4000000;0
204;06/12/2025;Pelunasan kas bon belanja  persediaan;;1121;0;4000000
205;06/12/2025;Pembelian 21 kg bawang putih;;1131;630000;0
206;06/12/2025;Pembelian 21 kg bawang putih;;1111;0;630000
207;06/12/2025;Pembelian persediaan di Rita Pasaraya;;1131;1816656;0
208;06/12/2025;Pembelian persediaan di Rita Pasaraya;;5211;44;0
209;06/12/2025;Pembelian persediaan di Rita Pasaraya;;1111;0;1816700
210;06/12/2025;Parkir di Rita Pasaraya;;5191;2000;0
211;06/12/2025;Parkir di Rita Pasaraya;;1111;0;2000
212;06/12/2025;Isi nitrogen;;5161;20000;0
213;06/12/2025;Isi nitrogen;;1111;0;20000
214;06/12/2025;Pembelian akomodasi makan;;5171;50000;0
215;06/12/2025;Pembelian akomodasi makan;;1111;0;50000
216;07/12/2025;Pelunasan utang pembelian ayam ke Restu Jaya (pembelian 30/11, 1/12, dan 3/12);;2111;16850000;0
217;07/12/2025;Pelunasan utang pembelian ayam ke Restu Jaya (pembelian 30/11, 1/12, dan 3/12);;5221;6500;0
218;07/12/2025;Pelunasan utang pembelian ayam ke Restu Jaya (pembelian 30/11, 1/12, dan 3/12);;1112;0;16856500
219;07/12/2025;Kas masuk ke kas harian dari kas di bank;;1111;9000000;0
220;07/12/2025;Kas masuk ke kas harian dari kas di bank;;1112;0;9000000
221;07/12/2025;Kas bon belanja persediaan;;1121;9000000;0
222;07/12/2025;Kas bon belanja persediaan;;1111;0;9000000
223;07/12/2025;Pelunasan kas bon belanja persediaan;;1111;9000000;0
224;07/12/2025;Pelunasan kas bon belanja persediaan;;1121;0;9000000
225;07/12/2025;Pembelian persediaan di Gunung Mas;;1131;3911500;0
226;07/12/2025;Pembelian persediaan di Gunung Mas;;1111;0;3911500
227;07/12/2025;Pembelian persediaan di Topaz;;1131;3070000;0
228;07/12/2025;Pembelian persediaan di Topaz;;1111;0;3070000
229;07/12/2025;Pembelian 1 zak tepung terigu segitiga biru di Pasar Induk;;1131;237000;0
230;07/12/2025;Pembelian 1 zak tepung terigu segitiga biru di Pasar Induk;;1111;0;237000
231;07/12/2025;Pembelian persediaan di Pasar Induk;;1131;730000;0
232;07/12/2025;Pembelian persediaan di Pasar Induk;;1111;0;730000
233;07/12/2025;Pembelian 2,15 kg daun kemangi di Pasar Induk;;1131;150500;0
234;07/12/2025;Pembelian 2,15 kg daun kemangi di Pasar Induk;;1111;0;150500
235;07/12/2025;Parkir di Gunung Mas, Topaz, dan Pasar Induk;;5191;9000;0
236;07/12/2025;Parkir di Gunung Mas, Topaz, dan Pasar Induk;;1111;0;9000
237;07/12/2025;Pembelian 350 pcs tempe;;1131;840000;0
238;07/12/2025;Pembelian 350 pcs tempe;;1111;0;840000
239;07/12/2025;Pembelian 110 kg bakso ke Sarah Matari;;1131;5500000;0
240;07/12/2025;Pembelian 110 kg bakso ke Sarah Matari;;2111;0;5500000
241;07/12/2025;Pembelian 55 kg wortel ke SBS;;1131;880000;0
242;07/12/2025;Pembelian 55 kg wortel ke SBS;;2111;0;880000
243;07/12/2025;Pembelian 172 kg ayam potong ke Restu Jaya;;1131;5934000;0
244;07/12/2025;Pembelian 172 kg ayam potong ke Restu Jaya;;2111;0;5934000
245;07/12/2025;Pembelian 140 kg jeruk santang SPPG Kutabanjarnegara ke Bu Lis;;1131;4480000;0
246;07/12/2025;Pembelian 140 kg jeruk santang SPPG Kutabanjarnegara ke Bu Lis;;2111;0;4480000
247;07/12/2025;Pembelian 80 kg anggur merah SPPG MBS Wanayasa ke Bu Lis;;1131;3680000;0
248;07/12/2025;Pembelian 80 kg anggur merah SPPG MBS Wanayasa ke Bu Lis;;2111;0;3680000
249;07/12/2025;Pembelian 160 kg anggur merah SPPG Merden ke Bu Lis;;1131;7360000;0
250;07/12/2025;Pembelian 160 kg anggur merah SPPG Merden ke Bu Lis;;2111;0;7360000
251;07/12/2025;Pembelian 50 kg beras ke Bu Lis;;1131;667500;0
252;07/12/2025;Pembelian 50 kg beras ke Bu Lis;;2111;0;667500
253;07/12/2025;Kerugian timbangan 0,1 kg daun kemangi;;5311;7000;0
254;07/12/2025;Kerugian timbangan 0,1 kg daun kemangi;;1131;0;7000
255;07/12/2025;Kerugian timbangan 1,6 kg bawang putih;;5311;51040;0
256;07/12/2025;Kerugian timbangan 1,6 kg bawang putih;;1131;0;51040
257;07/12/2025;Pengiriman SPPG Kutabanjarnegara (pemesanan 6/12);;5111;18068765;0
258;07/12/2025;Pengiriman SPPG Kutabanjarnegara (pemesanan 6/12);;1131;0;18068765
259;07/12/2025;Pengiriman SPPG Kutabanjarnegara (pemesanan 6/12);;1121;20084250;0
260;07/12/2025;Pengiriman SPPG Kutabanjarnegara (pemesanan 6/12);;4111;0;20084250
261;07/12/2025;Pengiriman SPPG MBS Wanayasa (pemesanan 6/12);;5111;6135800;0
262;07/12/2025;Pengiriman SPPG MBS Wanayasa (pemesanan 6/12);;1131;0;6135800
263;07/12/2025;Pengiriman SPPG MBS Wanayasa (pemesanan 6/12);;1121;6821000;0
264;07/12/2025;Pengiriman SPPG MBS Wanayasa (pemesanan 6/12);;4111;0;6821000
265;07/12/2025;Pengiriman SPPG Merden (pemesanan 6/12);;5111;13152100;0
266;07/12/2025;Pengiriman SPPG Merden (pemesanan 6/12);;1131;0;13152100
267;07/12/2025;Pengiriman SPPG Merden (pemesanan 6/12);;1121;14655000;0
268;07/12/2025;Pengiriman SPPG Merden (pemesanan 6/12);;4111;0;14655000
269;07/12/2025;Pengiriman SPPG Susukan (pemesanan 6/12);;5111;2418150;0
270;07/12/2025;Pengiriman SPPG Susukan (pemesanan 6/12);;1131;0;2418150
271;07/12/2025;Pengiriman SPPG Susukan (pemesanan 6/12);;1121;3514200;0
272;07/12/2025;Pengiriman SPPG Susukan (pemesanan 6/12);;4111;0;3514200
273;07/12/2025;Pelunasan piutang SPPG Merden (pengiriman 24/11);;1112;6469600;0
274;07/12/2025;Pelunasan piutang SPPG Merden (pengiriman 24/11);;1121;0;6469600
275;07/12/2025;Pelunasan piutang SPPG Merden (pengiriman 30/11);;1112;10645750;0
276;07/12/2025;Pelunasan piutang SPPG Merden (pengiriman 30/11);;1121;0;10645750
277;07/12/2025;Pelunasan piutang SPPG Merden (pengiriman 1/12);;1112;7645000;0
278;07/12/2025;Pelunasan piutang SPPG Merden (pengiriman 1/12);;1121;0;7645000
279;07/12/2025;Pelunasan piutang SPPG Merden (pengiriman 2/12);;1112;7653500;0
280;07/12/2025;Pelunasan piutang SPPG Merden (pengiriman 2/12);;1121;0;7653500
281;07/12/2025;Pelunasan piutang 550 kg beras SPPG Merden (pengiriman 27/11);;1112;8250000;0
282;07/12/2025;Pelunasan piutang 550 kg beras SPPG Merden (pengiriman 27/11);;1121;0;8250000
283;08/12/2025;Pelunasan utang pembelian 165 kg mix vegetable dan 95 kg galantin ke Sarah Matari;;2111;11127500;0
284;08/12/2025;Pelunasan utang pembelian 165 kg mix vegetable dan 95 kg galantin ke Sarah Matari;;5221;6500;0
285;08/12/2025;Pelunasan utang pembelian 165 kg mix vegetable dan 95 kg galantin ke Sarah Matari;;1112;0;11134000
286;08/12/2025;Pelunasan piutang SPPG Susukan (pengiriman 30/11);;1112;5847500;0
287;08/12/2025;Pelunasan piutang SPPG Susukan (pengiriman 30/11);;1121;0;5847500
288;08/12/2025;Pelunasan piutang SPPG Susukan (pengiriman 2/12);;1112;12028000;0
289;08/12/2025;Pelunasan piutang SPPG Susukan (pengiriman 2/12);;1121;0;12028000
290;08/12/2025;Piutang modal rak kopi retail;;1124;280000;0
291;08/12/2025;Piutang modal rak kopi retail;;1111;0;280000
292;08/12/2025;Kas bon pembelian BBM;;1122;200000;0
293;08/12/2025;Kas bon pembelian BBM;;1111;0;200000
294;08/12/2025;Pembelian 70 kg anggur merah SPPG Kutabanjarnegara ke Bu Lis;;1131;3220000;0
295;08/12/2025;Pembelian 70 kg anggur merah SPPG Kutabanjarnegara ke Bu Lis;;2111;0;3220000
296;08/12/2025;Pembelian 1000 kg beras ke Bu Lis;;1131;13900000;0
297;08/12/2025;Pembelian 1000 kg beras ke Bu Lis;;2111;0;13900000
298;08/12/2025;Pelunasan piutang SPPG MBS Wanayasa (pengiriman 30/11);;1112;13226000;0
299;08/12/2025;Pelunasan piutang SPPG MBS Wanayasa (pengiriman 30/11);;1121;0;13226000
300;08/12/2025;Pelunasan piutang SPPG MBS Wanayasa (pengiriman 2/12);;1112;18020500;0
301;08/12/2025;Pelunasan piutang SPPG MBS Wanayasa (pengiriman 2/12);;1121;0;18020500
302;08/12/2025;Pelunasan piutang SPPG MBS Wanayasa (pengiriman 4/12);;1112;28300000;0
303;08/12/2025;Pelunasan piutang SPPG MBS Wanayasa (pengiriman 4/12);;1121;0;28300000
304;08/12/2025;Pelunasan kas bon pembelian BBM;;1111;200000;0
305;08/12/2025;Pelunasan kas bon pembelian BBM;;1122;0;200000
306;08/12/2025;Pembelian BBM;;5172;200000;0
307;08/12/2025;Pembelian BBM;;1111;0;200000
308;08/12/2025;Pembelian 5 kg gula pasir di Topaz;;1131;90000;0
309;08/12/2025;Pembelian 5 kg gula pasir di Topaz;;1111;0;90000
310;08/12/2025;Parkir di Topaz;;5191;2000;0
311;08/12/2025;Parkir di Topaz;;1111;0;2000
312;08/12/2025;Pembelian persediaan ke SBS (invoice 9/12);;1131;9753656;0
313;08/12/2025;Pembelian persediaan ke SBS (invoice 9/12);;2111;0;9753656
314;08/12/2025;Pembelian sayur ke Pak Safrudin;;1131;4700000;0
315;08/12/2025;Pembelian sayur ke Pak Safrudin;;2111;0;4700000
316;08/12/2025;Pengiriman SPPG MBS Wanayasa (pemesanan 6/12);;5111;11224900;0
317;08/12/2025;Pengiriman SPPG MBS Wanayasa (pemesanan 6/12);;1131;0;11224900
318;08/12/2025;Pengiriman SPPG MBS Wanayasa (pemesanan 6/12);;1121;12237000;0
319;08/12/2025;Pengiriman SPPG MBS Wanayasa (pemesanan 6/12);;4111;0;12237000
320;08/12/2025;Pengiriman SPPG Kutabanjarnegara (pemesanan 6/12);;5111;14640150;0
321;08/12/2025;Pengiriman SPPG Kutabanjarnegara (pemesanan 6/12);;1131;0;14640150
322;08/12/2025;Pengiriman SPPG Kutabanjarnegara (pemesanan 6/12);;1121;16497500;0
323;08/12/2025;Pengiriman SPPG Kutabanjarnegara (pemesanan 6/12);;4111;0;16497500
324;08/12/2025;Pengiriman SPPG Merden (pemesanan 6/12);;5111;1158500;0
325;08/12/2025;Pengiriman SPPG Merden (pemesanan 6/12);;1131;0;1158500
326;08/12/2025;Pengiriman SPPG Merden (pemesanan 6/12);;1121;1542800;0
327;08/12/2025;Pengiriman SPPG Merden (pemesanan 6/12);;4111;0;1542800
328;08/12/2025;Pembayaran pembuatan website SCS;;1151;2552100;0
329;08/12/2025;Pembayaran pembuatan website SCS;;5221;2500;0
330;08/12/2025;Pembayaran pembuatan website SCS;;1112;0;2554600
331;09/12/2025;Pelunasan utang pembelian persediaan dapur ke Bu Lis (pembelian 24/11 - 27/11);;2111;28819000;0
332;09/12/2025;Pelunasan utang pembelian persediaan dapur ke Bu Lis (pembelian 24/11 - 27/11);;1112;0;28819000
333;09/12/2025;Pelunasan utang pembelian 200 kg telur ke Tadus (pembelian 30/11);;2111;5140000;0
334;09/12/2025;Pelunasan utang pembelian 200 kg telur ke Tadus (pembelian 30/11);;5221;2500;0
335;09/12/2025;Pelunasan utang pembelian 200 kg telur ke Tadus (pembelian 30/11);;1112;0;5142500
336;09/12/2025;Pelunasan utang pembelian 1000 pcs tahu bakso ke Bu Fitri (pembelian 2/12);;2111;1750000;0
337;09/12/2025;Pelunasan utang pembelian 1000 pcs tahu bakso ke Bu Fitri (pembelian 2/12);;5221;2500;0
338;09/12/2025;Pelunasan utang pembelian 1000 pcs tahu bakso ke Bu Fitri (pembelian 2/12);;1112;0;1752500
339;09/12/2025;Pelunasan utang pembelian persediaan ke SBS (pembelian 30/11);;2111;15387632;0
340;09/12/2025;Pelunasan utang pembelian persediaan ke SBS (pembelian 30/11);;1112;0;15387632
341;09/12/2025;Pelunasan utang pembelian melon A ke Pak Pur (pembelian 2/12);;2111;2686500;0
342;09/12/2025;Pelunasan utang pembelian melon A ke Pak Pur (pembelian 2/12);;1112;0;2686500
343;09/12/2025;Pelunasan utang pembelian 500 kg beras SPPG Susukan (pembelian 27/11);;2111;6750000;0
344;09/12/2025;Pelunasan utang pembelian 500 kg beras SPPG Susukan (pembelian 27/11);;5221;2500;0
345;09/12/2025;Pelunasan utang pembelian 500 kg beras SPPG Susukan (pembelian 27/11);;1112;0;6752500
346;09/12/2025;Kas masuk ke kas harian dari kas di bank;;1111;2800000;0
347;09/12/2025;Kas masuk ke kas harian dari kas di bank;;1112;0;2800000
348;09/12/2025;Kas bon belanja persediaan;;1121;2800000;0
349;09/12/2025;Kas bon belanja persediaan;;1111;0;2800000
350;09/12/2025;Pelunasan kas bon belanja persediaan;;1111;2800000;0
351;09/12/2025;Pelunasan kas bon belanja persediaan;;1121;0;2800000
352;09/12/2025;Pembelian persediaan di Topaz;;1131;251800;0
353;09/12/2025;Pembelian persediaan di Topaz;;5211;500;0
354;09/12/2025;Pembelian persediaan di Topaz;;1111;0;252300
355;09/12/2025;Pembelian persedian di Gunung Mas;;1131;2324700;0
356;09/12/2025;Pembelian persedian di Gunung Mas;;1111;0;2324700
357;09/12/2025;Pembelian 1 kg bawang merah di Pasar Induk;;1131;50000;0
358;09/12/2025;Pembelian 1 kg bawang merah di Pasar Induk;;1111;0;50000
359;09/12/2025;Pembelian 320 pcs tempe;;1131;768000;0
360;09/12/2025;Pembelian 320 pcs tempe;;1111;0;768000
361;09/12/2025;Reimburse pembelian akomodasi makan ke Pak Sodik;;5171;60000;0
362;09/12/2025;Reimburse pembelian akomodasi makan ke Pak Sodik;;1111;0;60000
363;09/12/2025;Pembelian 172 kg ayam potong ke Restu Jaya;;1131;5934000;0
364;09/12/2025;Pembelian 172 kg ayam potong ke Restu Jaya;;2111;0;5934000
365;09/12/2025;Pembelian 44 kg wortel dan 57 kg labu siam ke SBS (invoice 9/12);;1131;1046000;0
366;09/12/2025;Pembelian 44 kg wortel dan 57 kg labu siam ke SBS (invoice 9/12);;2111;0;1046000
367;09/12/2025;Pembelian 15 kg cabai merah keriting ke Pak Safrudin;;1131;1035000;0
368;09/12/2025;Pembelian 15 kg cabai merah keriting ke Pak Safrudin;;2111;0;1035000
369;09/12/2025;Pembelian 170 kg buah naga SPPG Kutabanjarnegara ke Bu Lis;;1131;2890000;0
370;09/12/2025;Pembelian 170 kg buah naga SPPG Kutabanjarnegara ke Bu Lis;;2111;0;2890000
371;09/12/2025;Pembelian 200 kg jeruk medan SPPG MBS Wanayasa ke Bu Lis;;1131;4600000;0
372;09/12/2025;Pembelian 200 kg jeruk medan SPPG MBS Wanayasa ke Bu Lis;;2111;0;4600000
373;09/12/2025;Pembelian 700 kg beras SPPG Merden;;1131;9450000;0
374;09/12/2025;Pembelian 700 kg beras SPPG Merden;;2111;0;9450000
375;09/12/2025;Pembelian 150 kg beras SPPG Susukan;;1131;2025000;0
376;09/12/2025;Pembelian 150 kg beras SPPG Susukan;;2111;0;2025000
377;09/12/2025;Pengiriman SPPG MBS Wanayasa (pemesanan 6/12);;5111;5176400;0
378;09/12/2025;Pengiriman SPPG MBS Wanayasa (pemesanan 6/12);;1131;0;5176400
379;09/12/2025;Pengiriman SPPG MBS Wanayasa (pemesanan 6/12);;1121;6044000;0
380;09/12/2025;Pengiriman SPPG MBS Wanayasa (pemesanan 6/12);;4111;0;6044000
381;09/12/2025;Pengiriman SPPG Kutabanjarnegara (pemesanan 6/12);;5111;14286400;0
382;09/12/2025;Pengiriman SPPG Kutabanjarnegara (pemesanan 6/12);;1131;0;14286400
383;09/12/2025;Pengiriman SPPG Kutabanjarnegara (pemesanan 6/12);;1121;16182500;0
384;09/12/2025;Pengiriman SPPG Kutabanjarnegara (pemesanan 6/12);;4111;0;16182500
385;09/12/2025;Pengiriman SPPG Merden (pemesanan 6/12);;5111;3924000;0
386;09/12/2025;Pengiriman SPPG Merden (pemesanan 6/12);;1131;0;3924000
387;09/12/2025;Pengiriman SPPG Merden (pemesanan 6/12);;1121;5112000;0
388;09/12/2025;Pengiriman SPPG Merden (pemesanan 6/12);;4111;0;5112000
389;09/12/2025;Pengiriman SPPG Susukan (pemesanan 6/12);;5111;8130700;0
390;09/12/2025;Pengiriman SPPG Susukan (pemesanan 6/12);;1131;0;8130700
391;09/12/2025;Pengiriman SPPG Susukan (pemesanan 6/12);;1121;8847700;0
392;09/12/2025;Pengiriman SPPG Susukan (pemesanan 6/12);;4111;0;8847700
393;09/12/2025;Pelunasan piutang SPPG Kutabanjarnegara (pengiriman 30/11, 1/12, 2/12, 3/12, dan 4/12);;1112;82101500;0
394;09/12/2025;Pelunasan piutang SPPG Kutabanjarnegara (pengiriman 30/11, 1/12, 2/12, 3/12, dan 4/12);;1121;0;82101500
395;09/12/2025;Pembelian 300 kg mix vegetable ke Sarah Matari;;1131;8400000;0
396;09/12/2025;Pembelian 300 kg mix vegetable ke Sarah Matari;;2111;0;8400000
397;09/12/2025;Kas bon akomodasi makan;;1123;50000;0
398;09/12/2025;Kas bon akomodasi makan;;1111;0;50000
399;10/12/2025;Pelunasan piutang SPPG Kutabanjarnegara (pengiriman 30/11 dan 2/12);;1112;406000;0
400;10/12/2025;Pelunasan piutang SPPG Kutabanjarnegara (pengiriman 30/11 dan 2/12);;1121;0;406000
401;10/12/2025;Kas bon pembelian BBM;;1122;200000;0
402;10/12/2025;Kas bon pembelian BBM;;1111;0;200000
403;10/12/2025;Pembelian 1600 pcs (40 karton) susu ultramilk full cream 125 ml ke Bu Lis;;1131;4800000;0
404;10/12/2025;Pembelian 1600 pcs (40 karton) susu ultramilk full cream 125 ml ke Bu Lis;;2111;0;4800000
405;10/12/2025;Pembelian 2100 pcs tahu putih, 3 kg daun bawang, dan 7 kg bawang bombay ke Pak Safrudin;;1131;1433000;0
406;10/12/2025;Pembelian 2100 pcs tahu putih, 3 kg daun bawang, dan 7 kg bawang bombay ke Pak Safrudin;;2111;0;1433000
407;10/12/2025;Pembelian 40 kg buah naga, 37 kg melon, dan 47 kg pear SPPG Kutabanjarnegara ke Bu Lis;;1131;2168000;0
408;10/12/2025;Pembelian 40 kg buah naga, 37 kg melon, dan 47 kg pear SPPG Kutabanjarnegara ke Bu Lis;;2111;0;2168000
409;10/12/2025;Pembelian 75 kg galantin ke Sarah Matari;;1131;5137500;0
410;10/12/2025;Pembelian 75 kg galantin ke Sarah Matari;;2111;0;5137500
411;10/12/2025;Pengiriman SPPG MBS Wanayasa (pemesanan 6/12);;5111;2618600;0
412;10/12/2025;Pengiriman SPPG MBS Wanayasa (pemesanan 6/12);;1131;0;2618600
413;10/12/2025;Pengiriman SPPG MBS Wanayasa (pemesanan 6/12);;1121;2890000;0
414;10/12/2025;Pengiriman SPPG MBS Wanayasa (pemesanan 6/12);;4111;0;2890000
415;10/12/2025;Pengiriman SPPG Kutabanjarnegara (pemesanan 6/12);;5111;15361000;0
416;10/12/2025;Pengiriman SPPG Kutabanjarnegara (pemesanan 6/12);;1131;0;15361000
417;10/12/2025;Pengiriman SPPG Kutabanjarnegara (pemesanan 6/12);;1121;17136000;0
418;10/12/2025;Pengiriman SPPG Kutabanjarnegara (pemesanan 6/12);;4111;0;17136000
419;10/12/2025;Pembayaran gaji bulan November ke Pak Anwar;;2121;2000000;0
420;10/12/2025;Pembayaran gaji bulan November ke Pak Anwar;;5221;2500;0
421;10/12/2025;Pembayaran gaji bulan November ke Pak Anwar;;1112;0;2002500
422;10/12/2025;Pembayaran gaji bulan November ke Mas Denny;;2121;2000000;0
423;10/12/2025;Pembayaran gaji bulan November ke Mas Denny;;1112;0;2000000
424;10/12/2025;Pembayaran gaji bulan November ke Pak Galih;;2121;2000000;0
425;10/12/2025;Pembayaran gaji bulan November ke Pak Galih;;5221;2500;0
426;10/12/2025;Pembayaran gaji bulan November ke Pak Galih;;1112;0;2002500
427;11/12/2025;Pembelian 195 kg semangka SPPG MBS Wanayasa ke Bu Lis;;1131;1813500;0
428;11/12/2025;Pembelian 195 kg semangka SPPG MBS Wanayasa ke Bu Lis;;2111;0;1813500
429;11/12/2025;Pembelian pisang, jeruk santang, pear, buah naga, dan melon SPPG Kutabanjarnegara ke Bu Lis;;1131;6734000;0
430;11/12/2025;Pembelian pisang, jeruk santang, pear, buah naga, dan melon SPPG Kutabanjarnegara ke Bu Lis;;2111;0;6734000
431;11/12/2025;Pembelian 2080 pcs patty ke Sarah Matari;;1131;5616000;0
432;11/12/2025;Pembelian 2080 pcs patty ke Sarah Matari;;2111;0;5616000
433;11/12/2025;Pembelian 62 kg edamame, 190 kg pakcoy, dan 20 kg selada ke Pak Safrudin;;1131;4073000;0
434;11/12/2025;Pembelian 62 kg edamame, 190 kg pakcoy, dan 20 kg selada ke Pak Safrudin;;2111;0;4073000
435;11/12/2025;Pembelian 2070 roti pizza dan 2070 kacang madu ke Fancy;;1131;10143000;0
436;11/12/2025;Pembelian 2070 roti pizza dan 2070 kacang madu ke Fancy;;2111;0;10143000
437;11/12/2025;Pelunasan kas bon akomodasi makan (transaksi 9/12);;1111;50000;0
438;11/12/2025;Pelunasan kas bon akomodasi makan (transaksi 9/12);;1123;0;50000
439;11/12/2025;Pembelian akomodasi makan (transaksi 9/12);;5171;25000;0
440;11/12/2025;Pembelian akomodasi makan (transaksi 9/12);;1111;0;25000
441;11/12/2025;Pelunasan kas bon pembelian BBM (transaksi 10/12);;1111;200000;0
442;11/12/2025;Pelunasan kas bon pembelian BBM (transaksi 10/12);;1122;0;200000
443;11/12/2025;Pembelian BBM (transaksi 10/12);;5172;200000;0
444;11/12/2025;Pembelian BBM (transaksi 10/12);;1111;0;200000
445;11/12/2025;Kas masuk ke kas harian dari kas di bank;;1111;1450000;0
446;11/12/2025;Kas masuk ke kas harian dari kas di bank;;1112;0;1450000
447;11/12/2025;Kas bon belanja persediaan;;1121;1450000;0
448;11/12/2025;Kas bon belanja persediaan;;1111;0;1450000
449;11/12/2025;Pelunasan kas bon belanja persediaan;;1111;1450000;0
450;11/12/2025;Pelunasan kas bon belanja persediaan;;1121;0;1450000
451;11/12/2025;Pembelian tepung panir di Topaz;;1131;135500;0
452;11/12/2025;Pembelian tepung panir di Topaz;;1111;0;135500
453;11/12/2025;Pembelian 60 pack del monte saus pedas sachet dan 45 pack del monte saus tomat sachet di Topaz;;1131;622500;0
454;11/12/2025;Pembelian 60 pack del monte saus pedas sachet dan 45 pack del monte saus tomat sachet di Topaz;;5211;500;0
455;11/12/2025;Pembelian 60 pack del monte saus pedas sachet dan 45 pack del monte saus tomat sachet di Topaz;;1111;0;623000
456;11/12/2025;Parkir di Topaz;;5191;3000;0
457;11/12/2025;Parkir di Topaz;;1111;0;3000
458;11/12/2025;Pembelian 4 kg bawang merah dan 10 kg bawang putih di Pasar Induk;;1131;490000;0
459;11/12/2025;Pembelian 4 kg bawang merah dan 10 kg bawang putih di Pasar Induk;;1111;0;490000
460;11/12/2025;Parkir di Pasar Induk;;5191;3000;0
461;11/12/2025;Parkir di Pasar Induk;;1111;0;3000
462;11/12/2025;Pembelian 130 pack kulit kebab ke Bu Dewi;;1131;4290000;0
463;11/12/2025;Pembelian 130 pack kulit kebab ke Bu Dewi;;2111;0;4290000
464;11/12/2025;Pelunasan utang pembelian 400 pcs susu frisian flag dan 2054 pcs susu ultramimi cokelat ke Pak Tatas (pembelian 5/11 dan 21/10);;2111;7132000;0
465;11/12/2025;Pelunasan utang pembelian 400 pcs susu frisian flag dan 2054 pcs susu ultramimi cokelat ke Pak Tatas (pembelian 5/11 dan 21/10);;5221;2500;0
466;11/12/2025;Pelunasan utang pembelian 400 pcs susu frisian flag dan 2054 pcs susu ultramimi cokelat ke Pak Tatas (pembelian 5/11 dan 21/10);;1112;0;7134500
467;11/12/2025;Pelunasan utang pembelian 2377 pcs susu UHT 125 ml ke Pak Tatas (pembelian 21/10);;2111;7132000;0
468;11/12/2025;Pelunasan utang pembelian 2377 pcs susu UHT 125 ml ke Pak Tatas (pembelian 21/10);;5221;6500;0
469;11/12/2025;Pelunasan utang pembelian 2377 pcs susu UHT 125 ml ke Pak Tatas (pembelian 21/10);;1112;0;7138500
470;11/12/2025;Pelunasan utang pembelian sayur ke Berkah Saputra (pembelian 30/11 - 4/12);;2111;5010500;0
471;11/12/2025;Pelunasan utang pembelian sayur ke Berkah Saputra (pembelian 30/11 - 4/12);;6111;0;500
472;11/12/2025;Pelunasan utang pembelian sayur ke Berkah Saputra (pembelian 30/11 - 4/12);;1112;0;5010000
473;11/12/2025;Pelunasan utang pembelian persediaan ke Bu Lis (pembelian 24/11 - 30/11);;2111;26835500;0
474;11/12/2025;Pelunasan utang pembelian persediaan ke Bu Lis (pembelian 24/11 - 30/11);;1112;0;26835500
475;11/12/2025;Reimburse pembayaran kulit kebab ke Mas Denny (pembelian 11/12);;2111;4290000;0
476;11/12/2025;Reimburse pembayaran kulit kebab ke Mas Denny (pembelian 11/12);;1112;0;4290000
477;11/12/2025;Kas bon akomodasi ke Jogja;;1123;150000;0
478;11/12/2025;Kas bon akomodasi ke Jogja;;1122;150000;0
479;11/12/2025;Kas bon akomodasi ke Jogja;;1111;0;300000
480;11/12/2025;Pengiriman SPPG Susukan (pemesanan 6/12);;5111;4912500;0
481;11/12/2025;Pengiriman SPPG Susukan (pemesanan 6/12);;1131;0;4912500
482;11/12/2025;Pengiriman SPPG Susukan (pemesanan 6/12);;1121;5843000;0
483;11/12/2025;Pengiriman SPPG Susukan (pemesanan 6/12);;4111;0;5843000
484;11/12/2025;Pengiriman SPPG Merden (pemesanan 6/12);;5111;1736692;0
485;11/12/2025;Pengiriman SPPG Merden (pemesanan 6/12);;1131;0;1736692
486;11/12/2025;Pengiriman SPPG Merden (pemesanan 6/12);;1121;2327800;0
487;11/12/2025;Pengiriman SPPG Merden (pemesanan 6/12);;4111;0;2327800
488;11/12/2025;Pengiriman SPPG MBS Wanayasa (pemesanan 6/12);;5111;10421600;0
489;11/12/2025;Pengiriman SPPG MBS Wanayasa (pemesanan 6/12);;1131;0;10421600
490;11/12/2025;Pengiriman SPPG MBS Wanayasa (pemesanan 6/12);;1121;11829500;0
491;11/12/2025;Pengiriman SPPG MBS Wanayasa (pemesanan 6/12);;4111;0;11829500
492;11/12/2025;Pengiriman SPPG Kutabanjarnegara (pemesanan 6/12);;5111;34142800;0
493;11/12/2025;Pengiriman SPPG Kutabanjarnegara (pemesanan 6/12);;1131;0;34142800
494;11/12/2025;Pengiriman SPPG Kutabanjarnegara (pemesanan 6/12);;1121;38360500;0
495;11/12/2025;Pengiriman SPPG Kutabanjarnegara (pemesanan 6/12);;4111;0;38360500
496;11/12/2025;Penjualan 1 pcs minyak goreng ke Pak Galih;;5111;38900;0
497;11/12/2025;Penjualan 1 pcs minyak goreng ke Pak Galih;;1131;0;38900
498;11/12/2025;Penjualan 1 pcs minyak goreng ke Pak Galih;;1111;40000;0
499;11/12/2025;Penjualan 1 pcs minyak goreng ke Pak Galih;;4111;0;40000
500;11/12/2025;Kas masuk ke kas harian dari kas di bank;;1111;1200000;0
501;11/12/2025;Kas masuk ke kas harian dari kas di bank;;1112;0;1200000
502;11/12/2025;Pembelian 24 pcs minyak sania 2 L dan 5 pcs del monte saus tomat 1 kg di Topaz;;1131;1035200;0
503;11/12/2025;Pembelian 24 pcs minyak sania 2 L dan 5 pcs del monte saus tomat 1 kg di Topaz;;5211;500;0
504;11/12/2025;Pembelian 24 pcs minyak sania 2 L dan 5 pcs del monte saus tomat 1 kg di Topaz;;1111;0;1035700
505;11/12/2025;Pembelian kentang frozen di Topaz;;1131;107500;0
506;11/12/2025;Pembelian kentang frozen di Topaz;;5211;500;0
507;11/12/2025;Pembelian kentang frozen di Topaz;;1111;0;108000
508;11/12/2025;Pembelian laptop lenovo thinkpad;;1211;2785000;0
509;11/12/2025;Pembelian laptop lenovo thinkpad;;1112;0;2785000
510;12/12/2025;Pembelian 100 karton minyak goreng 2 L ke Bu Lis;;1131;23460000;0
511;12/12/2025;Pembelian 100 karton minyak goreng 2 L ke Bu Lis;;2111;0;23460000
512;12/12/2025;Pembelian akomodasi makan;;5171;30000;0
513;12/12/2025;Pembelian akomodasi makan;;2141;0;30000
514;13/12/2025;Pembelian 200 kg telur ke Tadus;;1131;5560000;0
515;13/12/2025;Pembelian 200 kg telur ke Tadus;;2111;0;5560000
516;13/12/2025;Pembelian persediaan ke SBS (invoice 15/12);;1131;2456800;0
517;13/12/2025;Pembelian persediaan ke SBS (invoice 15/12);;2111;0;2456800
518;13/12/2025;Pengiriman SPPG Kutabanjarnegara (transaksi 40 pcs susu ultramimi cokelat 25/11);;5111;120000;0
519;13/12/2025;Pengiriman SPPG Kutabanjarnegara (transaksi 40 pcs susu ultramimi cokelat 25/11);;1131;0;120000
520;13/12/2025;Pengiriman SPPG Kutabanjarnegara (transaksi 40 pcs susu ultramimi cokelat 25/11);;1121;124000;0
521;13/12/2025;Pengiriman SPPG Kutabanjarnegara (transaksi 40 pcs susu ultramimi cokelat 25/11);;4111;0;124000
522;13/12/2025;Penetapan profit sharing SPPG MBS Wanayasa;;3111;7251990;0
523;13/12/2025;Penetapan profit sharing SPPG MBS Wanayasa;;2171;0;7251990
524;13/12/2025;Penetapan profit sharing SPPG Kutabanjarnegara;;3111;3294000;0
525;13/12/2025;Penetapan profit sharing SPPG Kutabanjarnegara;;2171;0;3294000
526;13/12/2025;Penetapan profit sharing SPPG Merden;;3111;4393032;0
527;13/12/2025;Penetapan profit sharing SPPG Merden;;2171;0;4393032
528;13/12/2025;Penetapan profit sharing SPPG Susukan;;3111;2440573;0
529;13/12/2025;Penetapan profit sharing SPPG Susukan;;2171;0;2440573
530;13/12/2025;Penetapan profit sharing Korda;;3111;2179083;0
531;13/12/2025;Penetapan profit sharing Korda;;2171;0;2179083
532;13/12/2025;Penetapan profit sharing PDM;;3111;2179000;0
533;13/12/2025;Penetapan profit sharing PDM;;2171;0;2179000
534;14/12/2025;Pembelian cermin, lampu led, dan kantong plastik di Topaz;;1141;46000;0
535;14/12/2025;Pembelian cermin, lampu led, dan kantong plastik di Topaz;;1111;0;46000
536;14/12/2025;Kas masuk ke kas harian dari kas di bank;;1111;16500000;0
537;14/12/2025;Kas masuk ke kas harian dari kas di bank;;1112;0;16500000
538;14/12/2025;Pembelian 1 pack kantong plastik hitam di Gunung Mas;;1141;10500;0
539;14/12/2025;Pembelian 1 pack kantong plastik hitam di Gunung Mas;;1111;0;10500
540;14/12/2025;Pembelian persediaan di Gunung Mas;;1131;2581450;0
541;14/12/2025;Pembelian persediaan di Gunung Mas;;1111;0;2581450
542;14/12/2025;Parkir di Gunung Mas;;5191;3000;0
543;14/12/2025;Parkir di Gunung Mas;;1111;0;3000
544;14/12/2025;Pembelian persediaan di Topaz;;1131;3621600;0
545;14/12/2025;Pembelian persediaan di Topaz;;1111;0;3621600
546;14/12/2025;Parkir di Topaz;;5191;3000;0
547;14/12/2025;Parkir di Topaz;;1111;0;3000
548;14/12/2025;Pembelian gula merah di Pasar Induk;;1131;80000;0
549;14/12/2025;Pembelian gula merah di Pasar Induk;;1111;0;80000
550;14/12/2025;Pembelian 1 zak tepung terigu segitiga biru 25 kg di Pasar Induk;;1131;212000;0
551;14/12/2025;Pembelian 1 zak tepung terigu segitiga biru 25 kg di Pasar Induk;;1111;0;212000
552;14/12/2025;Parkir di Pasar Induk;;5191;3000;0
553;14/12/2025;Parkir di Pasar Induk;;1111;0;3000
554;14/12/2025;Pembelian persediaan di Depo Pelita;;1131;1812500;0
555;14/12/2025;Pembelian persediaan di Depo Pelita;;1111;0;1812500
556;14/12/2025;Pembelian akomodasi minum di Depo Pelita;;5171;10500;0
557;14/12/2025;Pembelian akomodasi minum di Depo Pelita;;1111;0;10500
558;14/12/2025;Parkir di Depo Pelita;;5191;4000;0
559;14/12/2025;Parkir di Depo Pelita;;1111;0;4000
560;14/12/2025;Pembelian 40 kg timun ke Pak Pur;;1131;240000;0
561;14/12/2025;Pembelian 40 kg timun ke Pak Pur;;2111;0;240000
562;14/12/2025;Pembelian 2022 pcs bandeng ke Bu Dewi;;1131;8088000;0
563;14/12/2025;Pembelian 2022 pcs bandeng ke Bu Dewi;;2111;0;8088000
564;14/12/2025;Pembelian sayuran ke Pak Safrudin;;1131;3761000;0
565;14/12/2025;Pembelian sayuran ke Pak Safrudin;;2111;0;3761000
566;14/12/2025;Pembelian persediaan ke SBS (invoice 15/12);;1131;6715000;0
567;14/12/2025;Pembelian persediaan ke SBS (invoice 15/12);;2111;0;6715000
568;14/12/2025;Pembelian 235 kg beras SPPG Susukan;;1131;3172500;0
569;14/12/2025;Pembelian 235 kg beras SPPG Susukan;;2111;0;3172500
570;14/12/2025;Pembelian 1000 kg beras ke Bu Lis;;1131;13900000;0
571;14/12/2025;Pembelian 1000 kg beras ke Bu Lis;;2111;0;13900000
572;14/12/2025;Pembelian 70 kg jeruk santang SPPG Kutabanjarnegara ke Bu Lis;;1131;2240000;0
573;14/12/2025;Pembelian 70 kg jeruk santang SPPG Kutabanjarnegara ke Bu Lis;;2111;0;2240000
574;14/12/2025;Pembelian 60 kg anggur merah SPPG MBS Wanayasa ke Bu Lis;;1131;2790000;0
575;14/12/2025;Pembelian 60 kg anggur merah SPPG MBS Wanayasa ke Bu Lis;;2111;0;2790000
576;14/12/2025;Pengiriman SPPG MBS Wanayasa (pemesanan 13/12);;5111;8384200;0
577;14/12/2025;Pengiriman SPPG MBS Wanayasa (pemesanan 13/12);;1131;0;8384200
578;14/12/2025;Pengiriman SPPG MBS Wanayasa (pemesanan 13/12);;1121;9795000;0
579;14/12/2025;Pengiriman SPPG MBS Wanayasa (pemesanan 13/12);;4111;0;9795000
580;14/12/2025;Pengiriman SPPG Kutabanjarnegara (pemesanan 13/12);;5111;15598300;0
581;14/12/2025;Pengiriman SPPG Kutabanjarnegara (pemesanan 13/12);;1131;0;15598300
582;14/12/2025;Pengiriman SPPG Kutabanjarnegara (pemesanan 13/12);;1121;17703500;0
583;14/12/2025;Pengiriman SPPG Kutabanjarnegara (pemesanan 13/12);;4111;0;17703500
584;14/12/2025;Pengiriman SPPG Merden (pemesanan 13/12);;5111;7046250;0
585;14/12/2025;Pengiriman SPPG Merden (pemesanan 13/12);;1131;0;7046250
586;14/12/2025;Pengiriman SPPG Merden (pemesanan 13/12);;1121;7937000;0
587;14/12/2025;Pengiriman SPPG Merden (pemesanan 13/12);;4111;0;7937000
588;14/12/2025;Pengiriman SPPG Susukan (pemesanan 13/12);;5111;3795914;0
589;14/12/2025;Pengiriman SPPG Susukan (pemesanan 13/12);;1131;0;3795914
590;14/12/2025;Pengiriman SPPG Susukan (pemesanan 13/12);;1121;4553700;0
591;14/12/2025;Pengiriman SPPG Susukan (pemesanan 13/12);;4111;0;4553700
592;14/12/2025;Pelunasan kas bon akomodais ke Jogja (transaksi 11/12);;1111;300000;0
593;14/12/2025;Pelunasan kas bon akomodais ke Jogja (transaksi 11/12);;1122;0;150000
594;14/12/2025;Pelunasan kas bon akomodais ke Jogja (transaksi 11/12);;1123;0;150000
595;14/12/2025;Pembelian BBM ke Jogja (transaksi 11/12);;5172;150000;0
596;14/12/2025;Pembelian BBM ke Jogja (transaksi 11/12);;1111;0;150000
597;14/12/2025;Pembelian akomodasi makan ke Jogja (transaksi 11/12);;5171;68000;0
598;14/12/2025;Pembelian akomodasi makan ke Jogja (transaksi 11/12);;1111;0;68000
599;14/12/2025;Pembelian akomodasi makan ke Jogja (transaksi 11/12);;5171;55000;0
600;14/12/2025;Pembelian akomodasi makan ke Jogja (transaksi 11/12);;1111;0;55000
601;14/12/2025;Pembelian akomodasi makan ke Jogja (transaksi 11/12);;5171;47000;0
602;14/12/2025;Pembelian akomodasi makan ke Jogja (transaksi 11/12);;1111;0;27000
603;14/12/2025;Pembelian akomodasi makan ke Jogja (transaksi 11/12);;2141;0;20000
604;14/12/2025;Pelunasan piutang SPPG MBS Wanayasa (pengiriman 7/12);;1112;6821000;0
605;14/12/2025;Pelunasan piutang SPPG MBS Wanayasa (pengiriman 7/12);;1121;0;6821000
606;14/12/2025;Pelunasan piutang SPPG MBS Wanayasa (pengiriman 8/12);;1112;12237000;0
607;14/12/2025;Pelunasan piutang SPPG MBS Wanayasa (pengiriman 8/12);;1121;0;12237000
608;14/12/2025;Pelunasan piutang SPPG MBS Wanayasa (pengiriman 9/12);;1112;6044000;0
609;14/12/2025;Pelunasan piutang SPPG MBS Wanayasa (pengiriman 9/12);;1121;0;6044000
610;14/12/2025;Pelunasan piutang SPPG MBS Wanayasa (pengiriman 10/12);;1112;2890000;0
611;14/12/2025;Pelunasan piutang SPPG MBS Wanayasa (pengiriman 10/12);;1121;0;2890000
612;14/12/2025;Pelunasan utang pembelian ayam ke CV Restu Jaya (pembelian 7/12 dan 9/12);;2111;11868000;0
613;14/12/2025;Pelunasan utang pembelian ayam ke CV Restu Jaya (pembelian 7/12 dan 9/12);;5221;2500;0
614;14/12/2025;Pelunasan utang pembelian ayam ke CV Restu Jaya (pembelian 7/12 dan 9/12);;1112;0;11870500
615;14/12/2025;Pembelian 22 kg keripik tempe ke Pak Wisnu;;1131;1320000;0
616;14/12/2025;Pembelian 22 kg keripik tempe ke Pak Wisnu;;2111;0;1320000
617;14/12/2025;Pembelian 0,5 kg keripik tempe ke Pak Wisnu;;1131;30000;0
618;14/12/2025;Pembelian 0,5 kg keripik tempe ke Pak Wisnu;;2111;0;30000
619;14/12/2025;3,8 kg semangka dibagikan;;5171;30400;0
620;14/12/2025;3,8 kg semangka dibagikan;;1131;0;30400
621;14/12/2025;Pembelian akomodasi makan;;5171;45000;0
622;14/12/2025;Pembelian akomodasi makan;;2141;0;45000
623;14/12/2025;Pelunasan utang pembelian 2070 pcs roti pizza dan 2070 pcs kacang madu ke Fancy (pembelian 11/12);;2111;10143000;0
624;14/12/2025;Pelunasan utang pembelian 2070 pcs roti pizza dan 2070 pcs kacang madu ke Fancy (pembelian 11/12);;5221;2500;0
625;14/12/2025;Pelunasan utang pembelian 2070 pcs roti pizza dan 2070 pcs kacang madu ke Fancy (pembelian 11/12);;1112;0;10145500
626;14/12/2025;Pelunasan piutang SPPG Susukan (pengiriman 7/12);;1112;3514200;0
627;14/12/2025;Pelunasan piutang SPPG Susukan (pengiriman 7/12);;1121;0;3514200
628;14/12/2025;Pelunasan piutang SPPG Susukan (pengiriman 9/12);;1112;8847700;0
629;14/12/2025;Pelunasan piutang SPPG Susukan (pengiriman 9/12);;1121;0;8847700
630;14/12/2025;Pelunasan piutang SPPG Susukan (pengiriman 11/12);;1112;5843000;0
631;14/12/2025;Pelunasan piutang SPPG Susukan (pengiriman 11/12);;1121;0;5843000
632;15/12/2025;Pelunasan utang pembelian 2022 pcs bandeng ke Bu Dewi (pembelian 14/12);;2111;8088000;0
633;15/12/2025;Pelunasan utang pembelian 2022 pcs bandeng ke Bu Dewi (pembelian 14/12);;1111;0;8088000
634;15/12/2025;Kas bon pembelian perlengkapan;;1121;80000;0
635;15/12/2025;Kas bon pembelian perlengkapan;;1111;0;80000
636;15/12/2025;Pelunasan kas bon pembelian perlengkapan;;1111;80000;0
637;15/12/2025;Pelunasan kas bon pembelian perlengkapan;;1121;0;80000
638;15/12/2025;Pembelian stop kontak 3 m dan 5 m di Toko Jaya Elektrik;;1141;55000;0
639;15/12/2025;Pembelian stop kontak 3 m dan 5 m di Toko Jaya Elektrik;;1111;0;55000
640;15/12/2025;Pembelian 43 kg tauge, 73 kg caisim, dan 4,5 kg seledri ke Pak Safrudin;;1131;1505000;0
641;15/12/2025;Pembelian 43 kg tauge, 73 kg caisim, dan 4,5 kg seledri ke Pak Safrudin;;2111;0;1505000
642;15/12/2025;Pembelian 35 kg timun ke Pak Pur;;1131;210000;0
643;15/12/2025;Pembelian 35 kg timun ke Pak Pur;;2111;0;210000
644;15/12/2025;Pembelian 672 pcs susu full cream 250 ml ke Bu Lis;;1131;4065600;0
645;15/12/2025;Pembelian 672 pcs susu full cream 250 ml ke Bu Lis;;2111;0;4065600
646;15/12/2025;Pembelian 70 kg anggur muscat SPPG Kutabanjarnegara ke Bu Lis;;1131;4060000;0
647;15/12/2025;Pembelian 70 kg anggur muscat SPPG Kutabanjarnegara ke Bu Lis;;2111;0;4060000
648;15/12/2025;Pembelian 20 kg anggur muscat SPPG Kutabanjarnegara ke Bu Lis;;1131;1160000;0
649;15/12/2025;Pembelian 20 kg anggur muscat SPPG Kutabanjarnegara ke Bu Lis;;2111;0;1160000
650;15/12/2025;Pembelian 37 kg pangsit kering ke Pak Wisnu;;1131;2294000;0
651;15/12/2025;Pembelian 37 kg pangsit kering ke Pak Wisnu;;2111;0;2294000
652;15/12/2025;Pembelian 2020 pcs tahu kulit ke Ummana Food;;1131;1212000;0
653;15/12/2025;Pembelian 2020 pcs tahu kulit ke Ummana Food;;2111;0;1212000
654;15/12/2025;Pembelian 120 kg bakso ke Sarah Matari;;1131;6000000;0
655;15/12/2025;Pembelian 120 kg bakso ke Sarah Matari;;2111;0;6000000
656;15/12/2025;Pembayaran profit sharing SPPG MBS Wanayasa;;2171;7251990;0
657;15/12/2025;Pembayaran profit sharing SPPG MBS Wanayasa;;1112;0;7251990
658;15/12/2025;Pembayaran profit sharing SPPG Susukan;;2171;2440573;0
659;15/12/2025;Pembayaran profit sharing SPPG Susukan;;1112;0;2440573
660;15/12/2025;Pembayaran profit sharing SPPG Merden;;2171;4393032;0
661;15/12/2025;Pembayaran profit sharing SPPG Merden;;5221;2500;0
662;15/12/2025;Pembayaran profit sharing SPPG Merden;;1112;0;4395532
663;15/12/2025;Pemisahan modal SCS untuk modal retail;;3111;10000000;0
664;15/12/2025;Pemisahan modal SCS untuk modal retail;;2151;0;10000000
665;15/12/2025;Pelunasan piutang modal pembelian kopi retail (transaksi 6/12);;2151;1400000;0
666;15/12/2025;Pelunasan piutang modal pembelian kopi retail (transaksi 6/12);;1124;0;1400000
667;15/12/2025;Pelunasan piutang modal pembelian rak kopi retail (transaksi 8/12);;2151;280000;0
668;15/12/2025;Pelunasan piutang modal pembelian rak kopi retail (transaksi 8/12);;1124;0;280000
669;15/12/2025;Pelunasan piutang SPPG Kutabanjarnegara (pengiriman 27/11);;1112;8558300;0
670;15/12/2025;Pelunasan piutang SPPG Kutabanjarnegara (pengiriman 27/11);;1121;0;8558300
671;15/12/2025;Pelunasan piutang SPPG Kutabanjarnegara (pengiriman 13/12);;1112;124000;0
672;15/12/2025;Pelunasan piutang SPPG Kutabanjarnegara (pengiriman 13/12);;1121;0;124000
673;15/12/2025;Kelebihan transfer dari SPPG Kutabanjarnegara;;1112;30000;0
674;15/12/2025;Kelebihan transfer dari SPPG Kutabanjarnegara;;2111;0;30000
675;15/12/2025;Pelunasan piutang SPPG Kutabanjarnegara (pengiriman 7/12);;1112;20084250;0
676;15/12/2025;Pelunasan piutang SPPG Kutabanjarnegara (pengiriman 7/12);;1121;0;20084250
677;15/12/2025;Pelunasan piutang SPPG Kutabanjarnegara (pengiriman 8/12);;1112;16393500;0
678;15/12/2025;Pelunasan piutang SPPG Kutabanjarnegara (pengiriman 8/12);;1121;0;16393500
679;15/12/2025;Pelunasan piutang SPPG Kutabanjarnegara (pengiriman 9/12);;1112;16182500;0
680;15/12/2025;Pelunasan piutang SPPG Kutabanjarnegara (pengiriman 9/12);;1121;0;16182500
681;15/12/2025;Pelunasan piutang SPPG Kutabanjarnegara (pengiriman 10/12);;1112;17088000;0
682;15/12/2025;Pelunasan piutang SPPG Kutabanjarnegara (pengiriman 10/12);;1121;0;17088000
683;15/12/2025;Pelunasan piutang SPPG Kutabanjarnegara (pengiriman 11/12);;1112;20760500;0
684;15/12/2025;Pelunasan piutang SPPG Kutabanjarnegara (pengiriman 11/12);;1121;0;20760500
685;15/12/2025;Pelunasan piutang SPPG Kutabanjarnegara (pengiriman 11/12);;1112;17496000;0
686;15/12/2025;Pelunasan piutang SPPG Kutabanjarnegara (pengiriman 11/12);;1121;0;17496000
687;15/12/2025;Pengiriman SPPG Kutabanjarnegara (pemesanan 13/12);;5111;19598200;0
688;15/12/2025;Pengiriman SPPG Kutabanjarnegara (pemesanan 13/12);;1131;0;19598200
689;15/12/2025;Pengiriman SPPG Kutabanjarnegara (pemesanan 13/12);;1121;23492400;0
690;15/12/2025;Pengiriman SPPG Kutabanjarnegara (pemesanan 13/12);;4111;0;23492400
691;15/12/2025;Pengiriman SPPG Merden (pemesanan 13/12);;5111;5802500;0
692;15/12/2025;Pengiriman SPPG Merden (pemesanan 13/12);;1131;0;5802500
693;15/12/2025;Pengiriman SPPG Merden (pemesanan 13/12);;1121;6405100;0
694;15/12/2025;Pengiriman SPPG Merden (pemesanan 13/12);;4111;0;6405100
695;15/12/2025;Pengiriman SPPG MBS Wanayasa (pemesanan 13/12);;5111;3416750;0
696;15/12/2025;Pengiriman SPPG MBS Wanayasa (pemesanan 13/12);;1131;0;3416750
697;15/12/2025;Pengiriman SPPG MBS Wanayasa (pemesanan 13/12);;1121;4012500;0
698;15/12/2025;Pengiriman SPPG MBS Wanayasa (pemesanan 13/12);;4111;0;4012500
699;15/12/2025;Pembelian 1 pack kertas HVS di Toko Ria;;1141;45000;0
700;15/12/2025;Pembelian 1 pack kertas HVS di Toko Ria;;1111;0;45000
701;15/12/2025;Perlengkapan kertas HVS habis (pembelian 11/11);;5151;51500;0
702;15/12/2025;Perlengkapan kertas HVS habis (pembelian 11/11);;1141;0;51500
703;16/12/2025;Kas bon pembelian perlengkapan kopi retail;;1121;20000;0
704;16/12/2025;Kas bon pembelian perlengkapan kopi retail;;1111;0;20000
705;16/12/2025;Pembelian 35 kg wortel dan 15 kg selada ke Pak Safrudin (nota 15/12);;1131;1055000;0
706;16/12/2025;Pembelian 35 kg wortel dan 15 kg selada ke Pak Safrudin (nota 15/12);;2111;0;1055000
707;16/12/2025;Pembelian 180 kg semangka SPPG MBS Wanayasa ke Bu Lis;;1131;1980000;0
708;16/12/2025;Pembelian 180 kg semangka SPPG MBS Wanayasa ke Bu Lis;;2111;0;1980000
709;16/12/2025;Pembelian tabung gas dan isi;;1141;173000;0
710;16/12/2025;Pembelian tabung gas dan isi;;2111;0;173000
711;16/12/2025;Pembelian regulator gas;;1141;55000;0
712;16/12/2025;Pembelian regulator gas;;2111;0;55000
713;16/12/2025;Reimburse pembelian tabung gas dan regulator gas ke Mas Dandi;;2111;228000;0
714;16/12/2025;Reimburse pembelian tabung gas dan regulator gas ke Mas Dandi;;1111;0;228000
715;16/12/2025;Kas bon pembelian BBM;;1122;150000;0
716;16/12/2025;Kas bon pembelian BBM;;1111;0;150000
717;16/12/2025;Pengiriman SPPG MBS Wanayasa (pemesanan 13/12);;5111;5533250;0
718;16/12/2025;Pengiriman SPPG MBS Wanayasa (pemesanan 13/12);;1131;0;5533250
719;16/12/2025;Pengiriman SPPG MBS Wanayasa (pemesanan 13/12);;1121;6244500;0
720;16/12/2025;Pengiriman SPPG MBS Wanayasa (pemesanan 13/12);;4111;0;6244500
721;16/12/2025;Penjualan 2 kg telur ecer;;5111;55600;0
722;16/12/2025;Penjualan 2 kg telur ecer;;1131;0;55600
723;16/12/2025;Penjualan 2 kg telur ecer;;1111;58000;0
724;16/12/2025;Penjualan 2 kg telur ecer;;4111;0;58000
725;16/12/2025;Pembayaran profit sharing Korda;;2171;2179083;0
726;16/12/2025;Pembayaran profit sharing Korda;;1112;0;2179083
727;16/12/2025;Pelunasan utang pembelian 100 karton susu uht, 100 karton minyak goreng, dan 400 kg beras ke Bu lis (pembelian 29/11 dan 1/12);;2111;41100000;0
728;16/12/2025;Pelunasan utang pembelian 100 karton susu uht, 100 karton minyak goreng, dan 400 kg beras ke Bu lis (pembelian 29/11 dan 1/12);;5221;2500;0
729;16/12/2025;Pelunasan utang pembelian 100 karton susu uht, 100 karton minyak goreng, dan 400 kg beras ke Bu lis (pembelian 29/11 dan 1/12);;1112;0;41102500
730;16/12/2025;Pelunasan utang pembelian persediaan SCS, SPPG Kutabanjarnegara, SPPG MBS Wanayasa ke Bu Lis (pembelian 1/12 - 7/12);;2111;45581100;0
731;16/12/2025;Pelunasan utang pembelian persediaan SCS, SPPG Kutabanjarnegara, SPPG MBS Wanayasa ke Bu Lis (pembelian 1/12 - 7/12);;1112;0;45581100
732;16/12/2025;Pelunasan utang pembelian mix vegetable, galantin, bakso, dan patty ke Sarah Matari (pembelian 1/12, 7/12, 9/12, 10/12, 11/12);;2111;28433500;0
733;16/12/2025;Pelunasan utang pembelian mix vegetable, galantin, bakso, dan patty ke Sarah Matari (pembelian 1/12, 7/12, 9/12, 10/12, 11/12);;5221;2500;0
734;16/12/2025;Pelunasan utang pembelian mix vegetable, galantin, bakso, dan patty ke Sarah Matari (pembelian 1/12, 7/12, 9/12, 10/12, 11/12);;1112;0;28436000
735;16/12/2025;Pelunasan utang pembelian sayur ke Pak Safrudin (pembelian 8/12 - 11/12);;2111;11241000;0
736;16/12/2025;Pelunasan utang pembelian sayur ke Pak Safrudin (pembelian 8/12 - 11/12);;1112;0;11241000
737;16/12/2025;Pelunasan kas bon pembelian perlengkapan kopi retail;;1111;20000;0
738;16/12/2025;Pelunasan kas bon pembelian perlengkapan kopi retail;;1121;0;20000
739;16/12/2025;Pembelian ATK kopi retail di Toko Ratna;;1124;15000;0
740;16/12/2025;Pembelian ATK kopi retail di Toko Ratna;;1111;0;15000
741;16/12/2025;Pembelian ATK kopi retail;;1124;2000;0
742;16/12/2025;Pembelian ATK kopi retail;;1111;0;2000
743;16/12/2025;Pelunasan piutang pembelian ATK kopi retail;;2151;17000;0
744;16/12/2025;Pelunasan piutang pembelian ATK kopi retail;;1124;0;17000
745;16/12/2025;Pelunasan piutang SPPG MBS Wanayasa (pengiriman 11/12);;1112;11829500;0
746;16/12/2025;Pelunasan piutang SPPG MBS Wanayasa (pengiriman 11/12);;1121;0;11829500
747;16/12/2025;Pembelian 210 kg ayam slice ke CV Restu Jaya;;1131;11340000;0
748;16/12/2025;Pembelian 210 kg ayam slice ke CV Restu Jaya;;2111;0;11340000
749;16/12/2025;Pembelian 42,5 kg kacang telur ke Pak Wisnu;;1131;2975000;0
750;16/12/2025;Pembelian 42,5 kg kacang telur ke Pak Wisnu;;2111;0;2975000
751;16/12/2025;Pembelian 115 kg melon SPPG Kutabanjarnegara ke Bu Lis;;1131;2070000;0
752;16/12/2025;Pembelian 115 kg melon SPPG Kutabanjarnegara ke Bu Lis;;2111;0;2070000
753;16/12/2025;Pengiriman SPPG Kutabanjarnegara (pemesanan 13/12);;5111;20616250;0
754;16/12/2025;Pengiriman SPPG Kutabanjarnegara (pemesanan 13/12);;1131;0;20616250
755;16/12/2025;Pengiriman SPPG Kutabanjarnegara (pemesanan 13/12);;1121;22595500;0
756;16/12/2025;Pengiriman SPPG Kutabanjarnegara (pemesanan 13/12);;4111;0;22595500
757;16/12/2025;Reimburse pembelian akomodasi makan ke Pak Sodik (transaksi 14/12);;2141;45000;0
758;16/12/2025;Reimburse pembelian akomodasi makan ke Pak Sodik (transaksi 14/12);;1111;0;45000
759;16/12/2025;Reimburse pembelian akomodasi makan ke Pak Sodik (transaksi 12/12);;2141;30000;0
760;16/12/2025;Reimburse pembelian akomodasi makan ke Pak Sodik (transaksi 12/12);;1111;0;30000
761;16/12/2025;Pelunasan kas bon pembelian BBM;;1111;150000;0
762;16/12/2025;Pelunasan kas bon pembelian BBM;;1122;0;150000
763;16/12/2025;Pembelian BBM;;5172;150000;0
764;16/12/2025;Pembelian BBM;;1111;0;150000
765;16/12/2025;Penjualan 0,5 kg keripik tempe ke Bu Sofi;;5111;30000;0
766;16/12/2025;Penjualan 0,5 kg keripik tempe ke Bu Sofi;;1131;0;30000
767;16/12/2025;Penjualan 0,5 kg keripik tempe ke Bu Sofi;;1111;33000;0
768;16/12/2025;Penjualan 0,5 kg keripik tempe ke Bu Sofi;;4111;0;33000
769;16/12/2025;Pembelian 110 karton susu UHT 1 L ke Pak Suryadi;;1131;24530000;0
770;16/12/2025;Pembelian 110 karton susu UHT 1 L ke Pak Suryadi;;1112;0;24530000
771;16/12/2025;1 pcs minyak goreng untuk akomodasi kantor;;5171;39100;0
772;16/12/2025;1 pcs minyak goreng untuk akomodasi kantor;;1131;0;39100
773;16/12/2025;5 kg jagung manis untuk akomodasi kantor;;5171;42500;0
774;16/12/2025;5 kg jagung manis untuk akomodasi kantor;;1131;0;42500
775;16/12/2025;5 kg jagung manis busuk;;5311;42500;0
776;16/12/2025;5 kg jagung manis busuk;;1131;0;42500
777;16/12/2025;1,5 kg telur busuk;;5311;41700;0
778;16/12/2025;1,5 kg telur busuk;;1131;0;41700
779;16/12/2025;0,5 kg telur pecah untuk akomodasi kantor;;5171;13900;0
780;16/12/2025;0,5 kg telur pecah untuk akomodasi kantor;;1131;0;13900
781;16/12/2025;Admin bank bulanan kas harian;;5221;9000;0
782;16/12/2025;Admin bank bulanan kas harian;;1111;0;9000
783;17/12/2025;Pembelian 110 kg ikan dori ke Pak Wandi;;1131;8360000;0
784;17/12/2025;Pembelian 110 kg ikan dori ke Pak Wandi;;2111;0;8360000
785;17/12/2025;Kas masuk ke kas harian dari kas di bank;;1111;7000000;0
786;17/12/2025;Kas masuk ke kas harian dari kas di bank;;1112;0;7000000
787;17/12/2025;Kas bon belanja persediaan;;1121;7000000;0
788;17/12/2025;Kas bon belanja persediaan;;1111;0;7000000
789;17/12/2025;Pelunasan piutang SPPG Merden (pengiriman 14/12);;1112;7937000;0
790;17/12/2025;Pelunasan piutang SPPG Merden (pengiriman 14/12);;1121;0;7937000
791;17/12/2025;Pelunasan piutang SPPG Merden (pengiriman 9/12);;1112;5112000;0
792;17/12/2025;Pelunasan piutang SPPG Merden (pengiriman 9/12);;1121;0;5112000
793;17/12/2025;Pelunasan piutang SPPG Merden (pengiriman 11/12);;1112;2327800;0
794;17/12/2025;Pelunasan piutang SPPG Merden (pengiriman 11/12);;1121;0;2327800
795;17/12/2025;Pelunasan piutang SPPG Merden (pengiriman 7/12);;1112;21405000;0
796;17/12/2025;Pelunasan piutang SPPG Merden (pengiriman 7/12);;1121;0;21405000
797;17/12/2025;Pembelian 195 kg jeruk medan SPPG MBS Wanayasa ke Bu Lis;;1131;4095000;0
798;17/12/2025;Pembelian 195 kg jeruk medan SPPG MBS Wanayasa ke Bu Lis;;2111;0;4095000
799;17/12/2025;Pembelian 80 kg kelengkeng SPPG MBS Wanayasa ke Bu Lis;;1131;3080000;0
800;17/12/2025;Pembelian 80 kg kelengkeng SPPG MBS Wanayasa ke Bu Lis;;2111;0;3080000
801;17/12/2025;Pembelian 299 kg pear SPPG Kutabanjarnegara ke Bu Lis;;1131;5980000;0
802;17/12/2025;Pembelian 299 kg pear SPPG Kutabanjarnegara ke Bu Lis;;2111;0;5980000
803;17/12/2025;Pembelian 3400 pcs bika almond ke Nandaswara;;1131;4250000;0
804;17/12/2025;Pembelian 3400 pcs bika almond ke Nandaswara;;2111;0;4250000
805;17/12/2025;Pembelian 1690 pcs abon ayam 25 g ke Bu Fitri;;1131;8450000;0
806;17/12/2025;Pembelian 1690 pcs abon ayam 25 g ke Bu Fitri;;2111;0;8450000
807;17/12/2025;Pembelian 1690 pcs roti abon ke Bu Fitri;;1131;4225000;0
808;17/12/2025;Pembelian 1690 pcs roti abon ke Bu Fitri;;2111;0;4225000
809;17/12/2025;Pembelian 1690 pcs roti pisang ke Bu Fitri;;1131;4225000;0
810;17/12/2025;Pembelian 1690 pcs roti pisang ke Bu Fitri;;2111;0;4225000
811;17/12/2025;Pelunasan piutang SPPG MBS Wanayasa (pengiriman 14/12);;1112;9795000;0
812;17/12/2025;Pelunasan piutang SPPG MBS Wanayasa (pengiriman 14/12);;1121;0;9795000
813;17/12/2025;Pengiriman SPPG MBS Wanayasa (pemesanan 13/12);;5111;7352000;0
814;17/12/2025;Pengiriman SPPG MBS Wanayasa (pemesanan 13/12);;1131;0;7352000
815;17/12/2025;Pengiriman SPPG MBS Wanayasa (pemesanan 13/12);;1121;8967000;0
816;17/12/2025;Pengiriman SPPG MBS Wanayasa (pemesanan 13/12);;4111;0;8967000
817;17/12/2025;Kas masuk untuk kas bon pembelian BBM dari Mas Dandi;;1111;100000;0
818;17/12/2025;Kas masuk untuk kas bon pembelian BBM dari Mas Dandi;;2142;0;100000
819;17/12/2025;Kas bon pembelian BBM;;1122;100000;0
820;17/12/2025;Kas bon pembelian BBM;;1111;0;100000
821;17/12/2025;Pengiriman SPPG Susukan (pemesanan 13/12);;5111;13557500;0
822;17/12/2025;Pengiriman SPPG Susukan (pemesanan 13/12);;1131;0;13557500
823;17/12/2025;Pengiriman SPPG Susukan (pemesanan 13/12);;1121;15455000;0
824;17/12/2025;Pengiriman SPPG Susukan (pemesanan 13/12);;4111;0;15455000
825;17/12/2025;Pembelian 5 pcs susu ultramilk full cream 1 L di Delima Mart;;1131;98750;0
826;17/12/2025;Pembelian 5 pcs susu ultramilk full cream 1 L di Delima Mart;;5211;250;0
827;17/12/2025;Pembelian 5 pcs susu ultramilk full cream 1 L di Delima Mart;;2111;0;99000
828;17/12/2025;Pembelian 12 pcs susu ultramilk full cream 1 L dan 2 pcs susu diamond full cream 1 L di Toko Al Zahra;;1131;277000;0
829;17/12/2025;Pembelian 12 pcs susu ultramilk full cream 1 L dan 2 pcs susu diamond full cream 1 L di Toko Al Zahra;;2111;0;277000
830;17/12/2025;Pembelian 12 pcs susu diamond full cream 1 L di Sahabat Grosir;;1131;207000;0
831;17/12/2025;Pembelian 12 pcs susu diamond full cream 1 L di Sahabat Grosir;;5221;2500;0
832;17/12/2025;Pembelian 12 pcs susu diamond full cream 1 L di Sahabat Grosir;;2111;0;209500
833;17/12/2025;Pengiriman SPPG Merden (pemesanan 13/12);;5111;9534000;0
834;17/12/2025;Pengiriman SPPG Merden (pemesanan 13/12);;1131;0;9534000
835;17/12/2025;Pengiriman SPPG Merden (pemesanan 13/12);;1121;10596000;0
836;17/12/2025;Pengiriman SPPG Merden (pemesanan 13/12);;4111;0;10596000
837;17/12/2025;Pelunasan kas bon pembelian BBM;;1111;100000;0
838;17/12/2025;Pelunasan kas bon pembelian BBM;;1122;0;100000
839;17/12/2025;Pembelian BBM;;5172;85000;0
840;17/12/2025;Pembelian BBM;;1111;0;85000
841;17/12/2025;Pembelian akomodasi makan;;5171;15000;0
842;17/12/2025;Pembelian akomodasi makan;;1111;0;15000
843;17/12/2025;Pelunasan kas bon belanja persediaan;;1111;7000000;0
844;17/12/2025;Pelunasan kas bon belanja persediaan;;1121;0;7000000
845;17/12/2025;Pembelian 108 pcs susu diamond full cream di Rita Pasaraya;;1131;2205900;0
846;17/12/2025;Pembelian 108 pcs susu diamond full cream di Rita Pasaraya;;1111;0;2205900
847;17/12/2025;Parkir di Rita Pasaraya;;5191;2000;0
848;17/12/2025;Parkir di Rita Pasaraya;;1111;0;2000
849;17/12/2025;Pembelian 19 karton dan 3 pcs susu diamond full cream di P&D Aroma;;1131;4620000;0
850;17/12/2025;Pembelian 19 karton dan 3 pcs susu diamond full cream di P&D Aroma;;1111;0;4620000
851;17/12/2025;Parkir di P&D Aroma;;5191;3000;0
852;17/12/2025;Parkir di P&D Aroma;;1111;0;3000
853;17/12/2025;Parkir di Rita Supermall;;5191;5000;0
854;17/12/2025;Parkir di Rita Supermall;;1111;0;5000
855;17/12/2025;Parkir di Depo Pelita Sokaraja;;5191;4000;0
856;17/12/2025;Parkir di Depo Pelita Sokaraja;;1111;0;4000
857;17/12/2025;Pembelian akomodasi makan;;5171;50000;0
858;17/12/2025;Pembelian akomodasi makan;;1111;0;50000
859;17/12/2025;Parkir di Depo Pelita Banjarnegara;;5191;4000;0
860;17/12/2025;Parkir di Depo Pelita Banjarnegara;;1111;0;4000
861;17/12/2025;Parkir di Topaz;;5191;3000;0
862;17/12/2025;Parkir di Topaz;;1111;0;3000
863;17/12/2025;Pengiriman SPPG Kutabanjarnegara (pemesanan 13/12);;5111;59083650;0
864;17/12/2025;Pengiriman SPPG Kutabanjarnegara (pemesanan 13/12);;1131;0;59083650
865;17/12/2025;Pengiriman SPPG Kutabanjarnegara (pemesanan 13/12);;1121;69833500;0
866;17/12/2025;Pengiriman SPPG Kutabanjarnegara (pemesanan 13/12);;4111;0;69833500
867;18/12/2025;Pembelian 113 kg anggur SPPG Merden ke Bu Lis;;1131;5254500;0
868;18/12/2025;Pembelian 113 kg anggur SPPG Merden ke Bu Lis;;2111;0;5254500
869;18/12/2025;Pembelian 100 kg beras SPPG Susukan;;1131;1350000;0
870;18/12/2025;Pembelian 100 kg beras SPPG Susukan;;2111;0;1350000
871;18/12/2025;Pengiriman SPPG Susukan (pemesanan 18/12);;5111;1350000;0
872;18/12/2025;Pengiriman SPPG Susukan (pemesanan 18/12);;1131;0;1350000
873;18/12/2025;Pengiriman SPPG Susukan (pemesanan 18/12);;1121;1500000;0
874;18/12/2025;Pengiriman SPPG Susukan (pemesanan 18/12);;4111;0;1500000
875;18/12/2025;Pengiriman SPPG Merden (pemesanan 13/12);;5111;5254500;0
876;18/12/2025;Pengiriman SPPG Merden (pemesanan 13/12);;1131;0;5254500
877;18/12/2025;Pengiriman SPPG Merden (pemesanan 13/12);;1121;5650000;0
878;18/12/2025;Pengiriman SPPG Merden (pemesanan 13/12);;4111;0;5650000
879;19/12/2025;Pelunasan piutang SPPG Kutabanjarnegara (pengiriman 8/12);;1112;104000;0
880;19/12/2025;Pelunasan piutang SPPG Kutabanjarnegara (pengiriman 8/12);;1121;0;104000
881;19/12/2025;Pelunasan piutang SSPG Kutabanjarnegara (pengiriman 10/12);;1112;48000;0
882;19/12/2025;Pelunasan piutang SSPG Kutabanjarnegara (pengiriman 10/12);;1121;0;48000
883;19/12/2025;Pelunasan piutang SPPG Kutabanjarnegara (pengiriman 11/12);;1112;104000;0
884;19/12/2025;Pelunasan piutang SPPG Kutabanjarnegara (pengiriman 11/12);;1121;0;104000
885;19/12/2025;Pelunasan piutang SPPG Kutabanjarnegara (pengiriman 16/12);;1112;80000;0
886;19/12/2025;Pelunasan piutang SPPG Kutabanjarnegara (pengiriman 16/12);;1121;0;80000
887;19/12/2025;Pelunasan utang pembelian 1000 kg beras SPPG Merden ke Pak Slamet (pembelian 27/11);;2111;13500000;0
888;19/12/2025;Pelunasan utang pembelian 1000 kg beras SPPG Merden ke Pak Slamet (pembelian 27/11);;5221;2500;0
889;19/12/2025;Pelunasan utang pembelian 1000 kg beras SPPG Merden ke Pak Slamet (pembelian 27/11);;1112;0;13502500
890;19/12/2025;Pelunasan utang pembelian 1690 pcs abon ayam dan roti ke Bu Fitri (pembelian 17/12);;2111;16900000;0
891;19/12/2025;Pelunasan utang pembelian 1690 pcs abon ayam dan roti ke Bu Fitri (pembelian 17/12);;5221;2500;0
892;19/12/2025;Pelunasan utang pembelian 1690 pcs abon ayam dan roti ke Bu Fitri (pembelian 17/12);;1112;0;16902500
893;19/12/2025;Pembayaran listrik bulan Desember;;5141;95304;0
894;19/12/2025;Pembayaran listrik bulan Desember;;5221;3000;0
895;19/12/2025;Pembayaran listrik bulan Desember;;1112;0;98304
896;19/12/2025;Pelunasan piutang SPPG MBS Wanayasa (pengiriman 15/12);;1112;4012500;0
897;19/12/2025;Pelunasan piutang SPPG MBS Wanayasa (pengiriman 15/12);;1121;0;4012500
898;19/12/2025;Pelunasan piutang SPPG MBS Wanayasa (pengiriman 16/12);;1112;6244500;0
899;19/12/2025;Pelunasan piutang SPPG MBS Wanayasa (pengiriman 16/12);;1121;0;6244500
900;20/12/2025;Pelunasan piutang SPPG Susukan (pengiriman 14/12);;1112;4553700;0
901;20/12/2025;Pelunasan piutang SPPG Susukan (pengiriman 14/12);;1121;0;4553700
902;20/12/2025;Kas bon pembelian ban mobil L300;;1121;1600000;0
903;20/12/2025;Kas bon pembelian ban mobil L300;;1112;0;1600000
904;20/12/2025;Pelunasan kas bon pembelian ban mobil L300;;1111;1600000;0
905;20/12/2025;Pelunasan kas bon pembelian ban mobil L300;;1121;0;1600000
906;20/12/2025;Pembelian 2 pcs ban mobil L300;;5161;1580000;0
907;20/12/2025;Pembelian 2 pcs ban mobil L300;;1111;0;1580000
908;20/12/2025;Bunga bank rekening BRI;;1112;54285;0
909;20/12/2025;Bunga bank rekening BRI;;4121;0;54285
910;20/12/2025;Tax rekening bank BRI;;5222;10857;0
911;20/12/2025;Tax rekening bank BRI;;1112;0;10857
912;20/12/2025;Pembelian BBM;;5172;150000;0
913;20/12/2025;Pembelian BBM;;2142;0;150000
914;20/12/2025;Pembelian akomodasi makan;;5171;50000;0
915;20/12/2025;Pembelian akomodasi makan;;2141;0;50000
916;20/12/2025;Reimburse pembelian BBM ke Pak Sodik (transaksi 20/12);;2142;150000;0
917;20/12/2025;Reimburse pembelian BBM ke Pak Sodik (transaksi 20/12);;1111;0;150000
918;20/12/2025;Reimburse pembelian akomodasi makan ke Pak Sodik (transaksi 20/12);;2141;50000;0
919;20/12/2025;Reimburse pembelian akomodasi makan ke Pak Sodik (transaksi 20/12);;1111;0;50000
920;21/12/2025;Pelunasan piutang SPPG Merden (pengiriman 8/12);;1112;1542800;0
921;21/12/2025;Pelunasan piutang SPPG Merden (pengiriman 8/12);;1121;0;1542800
922;21/12/2025;Pelunasan piutang SPPG Merden (pengiriman 15/12);;1112;6405100;0
923;21/12/2025;Pelunasan piutang SPPG Merden (pengiriman 15/12);;1121;0;6405100
924;21/12/2025;Pembelian 14 kg caisim ke Bu Dewi;;1131;70000;0
925;21/12/2025;Pembelian 14 kg caisim ke Bu Dewi;;2111;0;70000
926;21/12/2025;Pembelian 8 kg timun ke Pak Pur;;1131;48000;0
927;21/12/2025;Pembelian 8 kg timun ke Pak Pur;;2111;0;48000
928;21/12/2025;Pembelian 4,5 kg keripik tempe ke Pak Wisnu;;1131;270000;0
929;21/12/2025;Pembelian 4,5 kg keripik tempe ke Pak Wisnu;;2111;0;270000
930;21/12/2025;Koreksi HPP terlalu tinggi periode November 2025;;5174;462000;0
931;21/12/2025;Koreksi HPP terlalu tinggi periode November 2025;;3111;0;462000
932;21/12/2025;Koreksi profit sharing SPPG MBS Wanayasa;;3111;76876;0
933;21/12/2025;Koreksi profit sharing SPPG MBS Wanayasa;;2171;0;76876
934;21/12/2025;Koreksi profit sharing SPPG Kutabanjarnegara;;3111;34927;0
935;21/12/2025;Koreksi profit sharing SPPG Kutabanjarnegara;;2171;0;34927
936;21/12/2025;Koreksi profit sharing SPPG Merden;;3111;46569;0
937;21/12/2025;Koreksi profit sharing SPPG Merden;;2171;0;46569
938;21/12/2025;Koreksi profit sharing SPPG Susukan;;3111;26426;0
939;21/12/2025;Koreksi profit sharing SPPG Susukan;;2171;0;26426
940;21/12/2025;Koreksi profit sharing Korda;;3111;23100;0
941;21/12/2025;Koreksi profit sharing Korda;;2171;0;23100
942;21/12/2025;Koreksi profit sharing PDM;;3111;23100;0
943;21/12/2025;Koreksi profit sharing PDM;;2171;0;23100
944;21/12/2025;Koreksi persedian busuk 3 kg timun periode November 2025;;5311;30000;0
945;21/12/2025;Koreksi persedian busuk 3 kg timun periode November 2025;;1131;0;30000
946;21/12/2025;Koreksi persedian busuk 3 kg timun periode November 2025;;3111;30000;0
947;21/12/2025;Koreksi persedian busuk 3 kg timun periode November 2025;;5311;0;30000
948;21/12/2025;Pelunasan utang pembelian persediaan ke SBS (invoice 13/12 dan 9/12);;2111;18470401;0
949;21/12/2025;Pelunasan utang pembelian persediaan ke SBS (invoice 13/12 dan 9/12);;1112;0;18470401
950;21/12/2025;Pelunasan utang pembelian ayam ke CV Restu Jaya (pembelian 16/12);;2111;11340000;0
951;21/12/2025;Pelunasan utang pembelian ayam ke CV Restu Jaya (pembelian 16/12);;5221;2500;0
952;21/12/2025;Pelunasan utang pembelian ayam ke CV Restu Jaya (pembelian 16/12);;1112;0;11342500
953;21/12/2025;Pelunasan utang pembelian beras SPPG Merden dan SPPG Susukan (pembelian 9/12);;2111;11475000;0
954;21/12/2025;Pelunasan utang pembelian beras SPPG Merden dan SPPG Susukan (pembelian 9/12);;5221;2500;0
955;21/12/2025;Pelunasan utang pembelian beras SPPG Merden dan SPPG Susukan (pembelian 9/12);;1112;0;11477500
956;21/12/2025;Pelunasan utang pembelian 200 kg telur ke Tadus (pembelian 4/12);;2111;5220000;0
957;21/12/2025;Pelunasan utang pembelian 200 kg telur ke Tadus (pembelian 4/12);;5221;2500;0
958;21/12/2025;Pelunasan utang pembelian 200 kg telur ke Tadus (pembelian 4/12);;1112;0;5222500
959;21/12/2025;Pelunasan utang pembelian tahu kulit ke Ummana Food (pembelian 15/12);;2111;1212000;0
960;21/12/2025;Pelunasan utang pembelian tahu kulit ke Ummana Food (pembelian 15/12);;5221;2500;0
961;21/12/2025;Pelunasan utang pembelian tahu kulit ke Ummana Food (pembelian 15/12);;1112;0;1214500
962;21/12/2025;Pelunasan utang pembelian persediaan ke Pak Wisnu (pembelian 14/12 - 16/12);;2111;6619000;0
963;21/12/2025;Pelunasan utang pembelian persediaan ke Pak Wisnu (pembelian 14/12 - 16/12);;5221;6500;0
964;21/12/2025;Pelunasan utang pembelian persediaan ke Pak Wisnu (pembelian 14/12 - 16/12);;1112;0;6625500
965;21/12/2025;Pelunasan utang pembelian timun ke Pak Pur (pembelian 14/12 dan 15/12);;2111;450000;0
966;21/12/2025;Pelunasan utang pembelian timun ke Pak Pur (pembelian 14/12 dan 15/12);;1112;0;450000
967;21/12/2025;Kas masuk ke kas harian dari kas di bank;;1111;5000000;0
968;21/12/2025;Kas masuk ke kas harian dari kas di bank;;1112;0;5000000
969;21/12/2025;Pembelian 3 dus mie kuning 3 ayam 110 g dan 2 renteng lada bubuk;;1131;134400;0
970;21/12/2025;Pembelian 3 dus mie kuning 3 ayam 110 g dan 2 renteng lada bubuk;;2111;0;134400
971;21/12/2025;Pembelian 6 pcs bakso 500 g;;1131;114000;0
972;21/12/2025;Pembelian 6 pcs bakso 500 g;;2111;0;114000
973;21/12/2025;Pembelian 20 kg kelengkeng SPPG Kutabanjarnegara ke Bu Lis;;1131;770000;0
974;21/12/2025;Pembelian 20 kg kelengkeng SPPG Kutabanjarnegara ke Bu Lis;;2111;0;770000
975;21/12/2025;Reimburse akomodasi dan kas masuk pembelian persediaan ke Mas Dandi (transaksi 8/11 dan 17/12);;2141;40000;0
976;21/12/2025;Reimburse akomodasi dan kas masuk pembelian persediaan ke Mas Dandi (transaksi 8/11 dan 17/12);;2142;100000;0
977;21/12/2025;Reimburse akomodasi dan kas masuk pembelian persediaan ke Mas Dandi (transaksi 8/11 dan 17/12);;2111;585500;0
978;21/12/2025;Reimburse akomodasi dan kas masuk pembelian persediaan ke Mas Dandi (transaksi 8/11 dan 17/12);;1111;0;725500
979;21/12/2025;Reimburse uang Mas Denny (transaksi 21/10, 7/11, 11/11, dan 21/12);;2141;296500;0
980;21/12/2025;Reimburse uang Mas Denny (transaksi 21/10, 7/11, 11/11, dan 21/12);;2111;299900;0
981;21/12/2025;Reimburse uang Mas Denny (transaksi 21/10, 7/11, 11/11, dan 21/12);;1111;0;596400
982;21/12/2025;Pengiriman SPPG Kutabanjarnegara (pemesanan 20/12);;5111;1571400;0
983;21/12/2025;Pengiriman SPPG Kutabanjarnegara (pemesanan 20/12);;1131;0;1571400
984;21/12/2025;Pengiriman SPPG Kutabanjarnegara (pemesanan 20/12);;1121;1982500;0
985;21/12/2025;Pengiriman SPPG Kutabanjarnegara (pemesanan 20/12);;4111;0;1982500
986;21/12/2025;Pembelian pisau dapur dan penjepit saringan minyak di Shopee;;1141;43500;0
987;21/12/2025;Pembelian pisau dapur dan penjepit saringan minyak di Shopee;;2111;0;43500
988;21/12/2025;Pelunasan piutang SPPG Merden (pengiriman 17/12);;1112;16246000;0
989;21/12/2025;Pelunasan piutang SPPG Merden (pengiriman 17/12);;1121;0;16246000
990;22/12/2026;Pelunasan piutang SPPG Susukan (pengiriman 18/12);;1112;1500000;0
991;22/12/2026;Pelunasan piutang SPPG Susukan (pengiriman 18/12);;1121;0;1500000
992;22/12/2026;Pelunasan piutang SPPG Susukan (pengiriman 17/12);;1112;15455000;0
993;22/12/2026;Pelunasan piutang SPPG Susukan (pengiriman 17/12);;1121;0;15455000
994;22/12/2026;Pembelian persediaan ke Bu Dewi;;1131;1192500;0
995;22/12/2026;Pembelian persediaan ke Bu Dewi;;2111;0;1192500
996;22/12/2026;Pembelian 715 pcs siomay ke Bu Dewi;;1131;893750;0
997;22/12/2026;Pembelian 715 pcs siomay ke Bu Dewi;;2111;0;893750
998;22/12/2026;Pembelian 100 pcs siomay ke Bu Dewi;;1131;125000;0
999;22/12/2026;Pembelian 100 pcs siomay ke Bu Dewi;;2111;0;125000
1000;22/12/2026;Pembelian 405 pcs tahu putih ke Ummana Food;;1131;243000;0
1001;22/12/2026;Pembelian 405 pcs tahu putih ke Ummana Food;;2111;0;243000
1002;22/12/2026;Pembelian 36,5 kg buah naga SPPG Kutabanjarnegara ke Bu Lis;;1131;474500;0
1003;22/12/2026;Pembelian 36,5 kg buah naga SPPG Kutabanjarnegara ke Bu Lis;;2111;0;474500
1004;22/12/2026;Pengiriman SPPG Kutabanjarnegara (pemesanan 20/12);;5111;3445600;0
1005;22/12/2026;Pengiriman SPPG Kutabanjarnegara (pemesanan 20/12);;1131;0;3445600
1006;22/12/2026;Pengiriman SPPG Kutabanjarnegara (pemesanan 20/12);;1121;4226250;0
1007;22/12/2026;Pengiriman SPPG Kutabanjarnegara (pemesanan 20/12);;4111;0;4226250
1008;22/12/2026;Pembelian akomodasi makan rapat SCS;;5171;150000;0
1009;22/12/2026;Pembelian akomodasi makan rapat SCS;;2141;0;150000
1010;22/12/2026;Pembelian ATK di Shopee;;1141;86175;0
1011;22/12/2026;Pembelian ATK di Shopee;;1111;0;86175
1012;23/12/2025;Pelunasan piutang SPPG Kutabanjarnegara (pengiriman 14/12);;1112;17703500;0
1013;23/12/2025;Pelunasan piutang SPPG Kutabanjarnegara (pengiriman 14/12);;1121;0;17703500
1014;23/12/2025;Pelunasan piutang SPPG Kutabanjarnegara (pengiriman 15/12);;1112;23492400;0
1015;23/12/2025;Pelunasan piutang SPPG Kutabanjarnegara (pengiriman 15/12);;1121;0;23492400
1016;23/12/2025;Pelunasan piutang SPPG Kutabanjarnegara (pengiriman 16/12);;1112;22515500;0
1017;23/12/2025;Pelunasan piutang SPPG Kutabanjarnegara (pengiriman 16/12);;1121;0;22515500
1018;23/12/2025;Pelunasan piutang SPPG Kutabanjarnegara (pengiriman 17/12);;1112;69803500;0
1019;23/12/2025;Pelunasan piutang SPPG Kutabanjarnegara (pengiriman 17/12);;2111;30000;0
1020;23/12/2025;Pelunasan piutang SPPG Kutabanjarnegara (pengiriman 17/12);;1121;0;69833500
1021;23/12/2025;Pembelian 150 karton susu ultramilk full cream 125 ml ke Bu Lis;;1131;18000000;0
1022;23/12/2025;Pembelian 150 karton susu ultramilk full cream 125 ml ke Bu Lis;;2111;0;18000000
1023;23/12/2025;Pembelian 415 pcs pisang ambon ke Bu Lis;;1131;726250;0
1024;23/12/2025;Pembelian 415 pcs pisang ambon ke Bu Lis;;2111;0;726250
1025;23/12/2025;Pembelian 415 pcs roti cokelat dan 415 pcs roti abon ke Bu Sri;;1131;2490000;0
1026;23/12/2025;Pembelian 415 pcs roti cokelat dan 415 pcs roti abon ke Bu Sri;;2111;0;2490000
1027;23/12/2025;Pengiriman SPPG Kutabanjarnegara (pemesanan 20/12);;5111;6568050;0
1028;23/12/2025;Pengiriman SPPG Kutabanjarnegara (pemesanan 20/12);;1131;0;6568050
1029;23/12/2025;Pengiriman SPPG Kutabanjarnegara (pemesanan 20/12);;1121;7347000;0
1030;23/12/2025;Pengiriman SPPG Kutabanjarnegara (pemesanan 20/12);;4111;0;7347000
1031;23/12/2025;Reimburse pembelian akomodasi rapat SCS ke Mas Denny (pembelian 22/12);;2141;150000;0
1032;23/12/2025;Reimburse pembelian akomodasi rapat SCS ke Mas Denny (pembelian 22/12);;1111;0;150000
1033;23/12/2025;Pelunasan utang pembelian 4,5 kg keripik tempe ke Pak Wisnu (pembelian 21/12);;2111;270000;0
1034;23/12/2025;Pelunasan utang pembelian 4,5 kg keripik tempe ke Pak Wisnu (pembelian 21/12);;1111;0;270000
1035;23/12/2025;Penjualan 1 karung beras (25 kg) ke HW;;5111;347500;0
1036;23/12/2025;Penjualan 1 karung beras (25 kg) ke HW;;1131;0;347500
1037;23/12/2025;Penjualan 1 karung beras (25 kg) ke HW;;1111;375000;0
1038;23/12/2025;Penjualan 1 karung beras (25 kg) ke HW;;4111;0;375000
1039;23/12/2025;Penjualan 3 kg telur ke Bu Yatimah;;5111;83400;0
1040;23/12/2025;Penjualan 3 kg telur ke Bu Yatimah;;1131;0;83400
1041;23/12/2025;Penjualan 3 kg telur ke Bu Yatimah;;1111;78000;0
1042;23/12/2025;Penjualan 3 kg telur ke Bu Yatimah;;4111;0;78000
1043;23/12/2025;Penjualan 2 kg telur ke Bu Asih;;5111;55600;0
1044;23/12/2025;Penjualan 2 kg telur ke Bu Asih;;1131;0;55600
1045;23/12/2025;Penjualan 2 kg telur ke Bu Asih;;1111;54000;0
1046;23/12/2025;Penjualan 2 kg telur ke Bu Asih;;4111;0;54000
1047;23/12/2025;Penjualan 1 kg telur ke Pak Dirin;;5111;27800;0
1048;23/12/2025;Penjualan 1 kg telur ke Pak Dirin;;1131;0;27800
1049;23/12/2025;Penjualan 1 kg telur ke Pak Dirin;;1111;27000;0
1050;23/12/2025;Penjualan 1 kg telur ke Pak Dirin;;4111;0;27000
1051;23/12/2025;Penjualan 1 kg telur ke Bu Yayu;;5111;27800;0
1052;23/12/2025;Penjualan 1 kg telur ke Bu Yayu;;1131;0;27800
1053;23/12/2025;Penjualan 1 kg telur ke Bu Yayu;;1111;27000;0
1054;23/12/2025;Penjualan 1 kg telur ke Bu Yayu;;4111;0;27000
1055;23/12/2025;Penjualan 10 kg telur ke Pak Mus;;5111;278000;0
1056;23/12/2025;Penjualan 10 kg telur ke Pak Mus;;1131;0;278000
1057;23/12/2025;Penjualan 10 kg telur ke Pak Mus;;1111;280000;0
1058;23/12/2025;Penjualan 10 kg telur ke Pak Mus;;4111;0;280000
1059;23/12/2025;Penjualan 10 kg telur ke Bu Sur;;5111;278000;0
1060;23/12/2025;Penjualan 10 kg telur ke Bu Sur;;1131;0;278000
1061;23/12/2025;Penjualan 10 kg telur ke Bu Sur;;1111;260000;0
1062;23/12/2025;Penjualan 10 kg telur ke Bu Sur;;4111;0;260000
1063;23/12/2025;Penjualan 10 kg telur ke Bu Gembrot;;5111;278000;0
1064;23/12/2025;Penjualan 10 kg telur ke Bu Gembrot;;1131;0;278000
1065;23/12/2025;Penjualan 10 kg telur ke Bu Gembrot;;1111;270000;0
1066;23/12/2025;Penjualan 10 kg telur ke Bu Gembrot;;4111;0;270000
1067;23/12/2025;Penjualan 10 kg telur ke Pak Eka;;5111;278000;0
1068;23/12/2025;Penjualan 10 kg telur ke Pak Eka;;1131;0;278000
1069;23/12/2025;Penjualan 10 kg telur ke Pak Eka;;1121;265000;0
1070;23/12/2025;Penjualan 10 kg telur ke Pak Eka;;4111;0;265000
1071;23/12/2025;Penjualan 10 kg telur ke Bu Halimah Pacor;;5111;278000;0
1072;23/12/2025;Penjualan 10 kg telur ke Bu Halimah Pacor;;1131;0;278000
1073;23/12/2025;Penjualan 10 kg telur ke Bu Halimah Pacor;;1121;270000;0
1074;23/12/2025;Penjualan 10 kg telur ke Bu Halimah Pacor;;4111;0;270000
1075;23/12/2025;Penjualan 3 kg telur ke Bu Halimah;;5111;83400;0
1076;23/12/2025;Penjualan 3 kg telur ke Bu Halimah;;1131;0;83400
1077;23/12/2025;Penjualan 3 kg telur ke Bu Halimah;;1121;81000;0
1078;23/12/2025;Penjualan 3 kg telur ke Bu Halimah;;4111;0;81000
1079;23/12/2025;Pembelian BBM;;5172;200000;0
1080;23/12/2025;Pembelian BBM;;1111;0;200000
1081;24/12/2025;Pelunasan piutang SPPG MBS Wanayasa (pengiriman 17/12);;1112;8967000;0
1082;24/12/2025;Pelunasan piutang SPPG MBS Wanayasa (pengiriman 17/12);;1121;0;8967000
1083;24/12/2025;Kas keluar uang bensin Mas Rifki keperluan kopi retail;;1124;50000;0
1084;24/12/2025;Kas keluar uang bensin Mas Rifki keperluan kopi retail;;1111;0;50000
1085;24/12/2025;Pelunasan uang bensin keperluan kopi retail (transaksi 24/12);;2151;50000;0
1086;24/12/2025;Pelunasan uang bensin keperluan kopi retail (transaksi 24/12);;1124;0;50000
1087;24/12/2025;Pelunasan utang pembelian bika almond ke Nandaswara (pembelian 17/12);;2111;4250000;0
1088;24/12/2025;Pelunasan utang pembelian bika almond ke Nandaswara (pembelian 17/12);;1112;0;4250000
1089;24/12/2025;Pelunasan utang pembelian ikan dori ke Pak Wandi (pembelian 17/12);;2111;8360000;0
1090;24/12/2025;Pelunasan utang pembelian ikan dori ke Pak Wandi (pembelian 17/12);;5221;2500;0
1091;24/12/2025;Pelunasan utang pembelian ikan dori ke Pak Wandi (pembelian 17/12);;1112;0;8362500
1092;24/12/2025;Pelunasan utang pembelian beras SPPG Susukan ke Pak Slamet (pembelian 14/12 dan 18/12);;2111;4522500;0
1093;24/12/2025;Pelunasan utang pembelian beras SPPG Susukan ke Pak Slamet (pembelian 14/12 dan 18/12);;5221;2500;0
1094;24/12/2025;Pelunasan utang pembelian beras SPPG Susukan ke Pak Slamet (pembelian 14/12 dan 18/12);;1112;0;4525000
1095;24/12/2025;Pelunasan utang pembelian bakso ke Sarah Matari (pembelian 15/12);;2111;6000000;0
1096;24/12/2025;Pelunasan utang pembelian bakso ke Sarah Matari (pembelian 15/12);;5221;2500;0
1097;24/12/2025;Pelunasan utang pembelian bakso ke Sarah Matari (pembelian 15/12);;1112;0;6002500
1098;24/12/2025;Pelunasan utang pembelian sayur ke Pak Safrudin (pembelian 14/12 - 16/12);;2111;6321000;0
1099;24/12/2025;Pelunasan utang pembelian sayur ke Pak Safrudin (pembelian 14/12 - 16/12);;6111;0;1000
1100;24/12/2025;Pelunasan utang pembelian sayur ke Pak Safrudin (pembelian 14/12 - 16/12);;1112;0;6320000
1101;24/12/2025;Pelunasan utang pembelian persediaan ke Bu Lis (pembelian 7/12 - 18/12);;2111;84460600;0
1102;24/12/2025;Pelunasan utang pembelian persediaan ke Bu Lis (pembelian 7/12 - 18/12);;1112;0;84460600
1103;24/12/2025;Penjualan 10 kg telur ke HW;;5111;278000;0
1104;24/12/2025;Penjualan 10 kg telur ke HW;;1131;0;278000
1105;24/12/2025;Penjualan 10 kg telur ke HW;;1111;280000;0
1106;24/12/2025;Penjualan 10 kg telur ke HW;;4111;0;280000
1107;24/12/2025;Penjualan 10 kg telur ke Pak Muslih;;5111;278000;0
1108;24/12/2025;Penjualan 10 kg telur ke Pak Muslih;;1131;0;278000
1109;24/12/2025;Penjualan 10 kg telur ke Pak Muslih;;1111;270000;0
1110;24/12/2025;Penjualan 10 kg telur ke Pak Muslih;;4111;0;270000
1111;24/12/2025;Penjualan 11 kg telur ke Pak Rudin;;5111;305800;0
1112;24/12/2025;Penjualan 11 kg telur ke Pak Rudin;;1131;0;305800
1113;24/12/2025;Penjualan 11 kg telur ke Pak Rudin;;1111;297000;0
1114;24/12/2025;Penjualan 11 kg telur ke Pak Rudin;;4111;0;297000
1115;24/12/2025;Penjualan 10 kg telur ke Pak Eka;;5111;278000;0
1116;24/12/2025;Penjualan 10 kg telur ke Pak Eka;;1131;0;278000
1117;24/12/2025;Penjualan 10 kg telur ke Pak Eka;;1121;265000;0
1118;24/12/2025;Penjualan 10 kg telur ke Pak Eka;;4111;0;265000
1119;24/12/2025;Penjualan 10 kg telur ke Pak Asto Wibowo;;5111;278000;0
1120;24/12/2025;Penjualan 10 kg telur ke Pak Asto Wibowo;;1131;0;278000
1121;24/12/2025;Penjualan 10 kg telur ke Pak Asto Wibowo;;1121;270000;0
1122;24/12/2025;Penjualan 10 kg telur ke Pak Asto Wibowo;;4111;0;270000
1123;24/12/2025;Penjualan 10 kg telur ke Bu Titis;;5111;278000;0
1124;24/12/2025;Penjualan 10 kg telur ke Bu Titis;;1131;0;278000
1125;24/12/2025;Penjualan 10 kg telur ke Bu Titis;;1121;270000;0
1126;24/12/2025;Penjualan 10 kg telur ke Bu Titis;;4111;0;270000
1127;24/12/2025;Penjualan 2 kg telur ke Bu Halimah;;5111;55600;0
1128;24/12/2025;Penjualan 2 kg telur ke Bu Halimah;;1131;0;55600
1129;24/12/2025;Penjualan 2 kg telur ke Bu Halimah;;1111;54000;0
1130;24/12/2025;Penjualan 2 kg telur ke Bu Halimah;;4111;0;54000
1131;24/12/2025;Pelunasan piutang penjualan 10 kg telur dari Pak Eka (penjualan 23/12);;1111;265000;0
1132;24/12/2025;Pelunasan piutang penjualan 10 kg telur dari Pak Eka (penjualan 23/12);;1121;0;265000
1133;24/12/2025;Pelunasan piutang penjualan 10 kg telur dari Bu Halimah Pacor (penjualan 23/12);;1111;270000;0
1134;24/12/2025;Pelunasan piutang penjualan 10 kg telur dari Bu Halimah Pacor (penjualan 23/12);;1121;0;270000
1135;24/12/2025;Pelunasan piutang penjualan 3 kg telur dari Bu Halimah (penjualan 23/12);;1111;81000;0
1136;24/12/2025;Pelunasan piutang penjualan 3 kg telur dari Bu Halimah (penjualan 23/12);;1121;0;81000
1137;24/12/2025;Pembelian akomodasi makan;;5171;25000;0
1138;24/12/2025;Pembelian akomodasi makan;;2141;0;25000
1139;25/12/2025;Pelunasan piutang SPPG Kutabanjarnegara (pengiriman 21/12);;1112;1958500;0
1140;25/12/2025;Pelunasan piutang SPPG Kutabanjarnegara (pengiriman 21/12);;1121;0;1958500
1141;25/12/2025;Pelunasan piutang SPPG Kutabanjarnegara (pengiriman 22/12);;1112;4226250;0
1142;25/12/2025;Pelunasan piutang SPPG Kutabanjarnegara (pengiriman 22/12);;1121;0;4226250
1143;25/12/2025;Pelunasan piutang SPPG Kutabanjarnegara (pengiriman 23/12);;1112;7347000;0
1144;25/12/2025;Pelunasan piutang SPPG Kutabanjarnegara (pengiriman 23/12);;1121;0;7347000
1145;27/12/2025;Reimburse pembelian akomodasi makan ke Pak Sodik (transaksi 24/12);;2141;25000;0
1146;27/12/2025;Reimburse pembelian akomodasi makan ke Pak Sodik (transaksi 24/12);;1111;0;25000
1147;27/12/2025;Kas bon belanja persediaan;;1121;1200000;0
1148;27/12/2025;Kas bon belanja persediaan;;1111;0;1200000
1149;27/12/2025;Parkir di Depo Pelita;;5191;4000;0
1150;27/12/2025;Parkir di Depo Pelita;;1111;0;4000
1151;27/12/2025;Parkir di Gunung Mas;;5191;3000;0
1152;27/12/2025;Parkir di Gunung Mas;;1111;0;3000
1153;27/12/2025;Pakir di Topaz;;5191;3000;0
1154;27/12/2025;Pakir di Topaz;;1111;0;3000
1155;27/12/2025;Penjualan 1 pcs minyak goreng 2 liter ke Pak Sodik;;5111;39100;0
1156;27/12/2025;Penjualan 1 pcs minyak goreng 2 liter ke Pak Sodik;;1131;0;39100
1157;27/12/2025;Penjualan 1 pcs minyak goreng 2 liter ke Pak Sodik;;1111;40000;0
1158;27/12/2025;Penjualan 1 pcs minyak goreng 2 liter ke Pak Sodik;;4111;0;40000
1159;27/12/2025;Parkir di Toko Brayan Maju;;5191;3000;0
1160;27/12/2025;Parkir di Toko Brayan Maju;;1111;0;3000
1161;27/12/2025;Parkir di Toko Sri Rejeki;;5191;3000;0
1162;27/12/2025;Parkir di Toko Sri Rejeki;;1111;0;3000
1163;27/12/2025;Pendapatan Diterima Dimuka dari SPPG Kutabanjarnegara (pengiriman 28/12);;1112;12970000;0
1164;27/12/2025;Pendapatan Diterima Dimuka dari SPPG Kutabanjarnegara (pengiriman 28/12);;2181;0;12970000
1165;28/12/2025;Pelunasan piutang penjualan 10 kg telur dari Pak Asto Wibowo (penjualan 24/11);;1111;270000;0
1166;28/12/2025;Pelunasan piutang penjualan 10 kg telur dari Pak Asto Wibowo (penjualan 24/11);;1121;0;270000
1167;28/12/2025;Pelunasan piutang penjualan 10 kg telur dari Bu Titis (penjualan 24/11);;1111;270000;0
1168;28/12/2025;Pelunasan piutang penjualan 10 kg telur dari Bu Titis (penjualan 24/11);;1121;0;270000
1169;28/12/2025;Pelunasan kas bon belanja persediaan;;1111;1200000;0
1170;28/12/2025;Pelunasan kas bon belanja persediaan;;1121;0;1200000
1171;28/12/2025;Pembelian 125 pack keju emina cheddar slice '10s di Rita Supermall Purwokerto;;1131;1185425;0
1172;28/12/2025;Pembelian 125 pack keju emina cheddar slice '10s di Rita Supermall Purwokerto;;5211;75;0
1173;28/12/2025;Pembelian 125 pack keju emina cheddar slice '10s di Rita Supermall Purwokerto;;1111;0;1185500
1174;28/12/2025;Pembelian BBM;;5172;200000;0
1175;28/12/2025;Pembelian BBM;;1111;0;200000
1176;28/12/2025;Parkir di Pasar;;5191;3000;0
1177;28/12/2025;Parkir di Pasar;;1111;0;3000
1178;28/12/2025;Parkir di Pasar Panican;;5191;3000;0
1179;28/12/2025;Parkir di Pasar Panican;;1111;0;3000
1180;28/12/2025;Parkir di Depo Pelita Sokaraja;;5191;4000;0
1181;28/12/2025;Parkir di Depo Pelita Sokaraja;;1111;0;4000
1182;28/12/2025;Parkir di Rita Sokaraja;;5191;2000;0
1183;28/12/2025;Parkir di Rita Sokaraja;;1111;0;2000
1184;28/12/2025;Parkir di Rita Supermall Purwokerto;;5191;6000;0
1185;28/12/2025;Parkir di Rita Supermall Purwokerto;;1111;0;6000
1186;28/12/2025;Pembelian 415 pcs abon ayam 25 g ke Bu Fitri;;1131;2075000;0
1187;28/12/2025;Pembelian 415 pcs abon ayam 25 g ke Bu Fitri;;2111;0;2075000
1188;28/12/2025;Pembelian 415 pack roti tawar ke Nismara Bakery;;1131;3320000;0
1189;28/12/2025;Pembelian 415 pack roti tawar ke Nismara Bakery;;2111;0;3320000
1190;28/12/2025;Pembelian 45 kg jeruk santang SPPG Kutabanjarnegara ke Bu Lis;;1131;1485000;0
1191;28/12/2025;Pembelian 45 kg jeruk santang SPPG Kutabanjarnegara ke Bu Lis;;2111;0;1485000
1192;28/12/2025;Pengiriman SPPG Kutabanjarnegara (pemesanan 26/12);;5111;11800425;0
1193;28/12/2025;Pengiriman SPPG Kutabanjarnegara (pemesanan 26/12);;1131;0;11800425
1194;28/12/2025;Pengiriman SPPG Kutabanjarnegara (pemesanan 26/12);;2181;12970000;0
1195;28/12/2025;Pengiriman SPPG Kutabanjarnegara (pemesanan 26/12);;4111;0;12970000
1196;28/12/2025;Pembelian box penyimpanan kunci;;1141;45225;0
1197;28/12/2025;Pembelian box penyimpanan kunci;;2111;0;45225
1198;29/12/2025;Pembelian galon isi ulang;;5171;8000;0
1199;29/12/2025;Pembelian galon isi ulang;;1111;0;8000
1200;29/12/2025;2 kg telur rugi timbangan;;5311;55600;0
1201;29/12/2025;2 kg telur rugi timbangan;;1131;0;55600
1202;29/12/2025;1,5 kg telur busuk;;5311;41700;0
1203;29/12/2025;1,5 kg telur busuk;;1131;0;41700
1204;30/12/2025;2,5 kg telur pecah untuk akomodasi kantor;;5171;69500;0
1205;30/12/2025;2,5 kg telur pecah untuk akomodasi kantor;;1131;0;69500
1206;30/12/2025;Kas masuk penjualan beras kemasan 5 kg retail SCS ke Lazizmu Banjarnegara;;1112;8064000;0
1207;30/12/2025;Kas masuk penjualan beras kemasan 5 kg retail SCS ke Lazizmu Banjarnegara;;2151;0;8064000
1208;30/12/2025;Pelunasan utang pembelian 200 kg telur ke Tadus (pembelian 13/12);;2111;5560000;0
1209;30/12/2025;Pelunasan utang pembelian 200 kg telur ke Tadus (pembelian 13/12);;5221;2500;0
1210;30/12/2025;Pelunasan utang pembelian 200 kg telur ke Tadus (pembelian 13/12);;1112;0;5562500
1211;30/12/2025;Pelunasan utang pembelian persediaan ke SBS (pembelian 13/12 dan 14/12);;2111;9171800;0
1212;30/12/2025;Pelunasan utang pembelian persediaan ke SBS (pembelian 13/12 dan 14/12);;1112;0;9171800
1213;30/12/2025;Pelunasan utang pembelian tahu putih ke Ummana Food (pembelian 22/12);;2111;243000;0
1214;30/12/2025;Pelunasan utang pembelian tahu putih ke Ummana Food (pembelian 22/12);;5221;2500;0
1215;30/12/2025;Pelunasan utang pembelian tahu putih ke Ummana Food (pembelian 22/12);;1112;0;245500
1216;30/12/2025;Pelunasan utang pembelian roti abon dan roti cokelat ke Bu Sri (pembelian 23/12);;2111;2490000;0
1217;30/12/2025;Pelunasan utang pembelian roti abon dan roti cokelat ke Bu Sri (pembelian 23/12);;5221;2500;0
1218;30/12/2025;Pelunasan utang pembelian roti abon dan roti cokelat ke Bu Sri (pembelian 23/12);;1112;0;2492500
1219;30/12/2025;Pelunasan utang pembelian abon ke Bu Fitri (pembelian 28/12);;2111;2075000;0
1220;30/12/2025;Pelunasan utang pembelian abon ke Bu Fitri (pembelian 28/12);;5221;2500;0
1221;30/12/2025;Pelunasan utang pembelian abon ke Bu Fitri (pembelian 28/12);;1112;0;2077500
1222;30/12/2025;Kas keluar pembayaran modal ke Tamzis;;1121;25450000;0
1223;30/12/2025;Kas keluar pembayaran modal ke Tamzis;;5221;6500;0
1224;30/12/2025;Kas keluar pembayaran modal ke Tamzis;;1112;0;25456500
1225;30/12/2025;Pembayaran sewa mobil grandmax bulan Desember ke Tamzis;;5133;1328000;0
1226;30/12/2025;Pembayaran sewa mobil grandmax bulan Desember ke Tamzis;;5221;6500;0
1227;30/12/2025;Pembayaran sewa mobil grandmax bulan Desember ke Tamzis;;1112;0;1334500
1228;30/12/2025;Pelunasan utang pembelian timun ke Pak Pur (pembelian 21/12);;2111;48000;0
1229;30/12/2025;Pelunasan utang pembelian timun ke Pak Pur (pembelian 21/12);;1112;0;48000
1230;30/12/2025;Pelunasan utang pembelian siomay dan sayur ke Bu Dewi (pembelian 21/12 dan 22/12);;2111;2281250;0
1231;30/12/2025;Pelunasan utang pembelian siomay dan sayur ke Bu Dewi (pembelian 21/12 dan 22/12);;1112;0;2281250
1232;30/12/2025;Pembayaran profit sharing SPPG Kutabanjarnegara;;2171;3294000;0
1233;30/12/2025;Pembayaran profit sharing SPPG Kutabanjarnegara;;1112;0;3294000
1234;30/12/2025;Pelunasan utang pembelian roti tawar ke Nismara Bakery (pembelian 28/12);;2111;3320000;0
1235;30/12/2025;Pelunasan utang pembelian roti tawar ke Nismara Bakery (pembelian 28/12);;1112;0;3320000
1236;30/12/2025;Pelunasan utang pembelian persediaan ke Bu Lis (pembelian 16/12, 21/12 - 23/12, dan 28/12);;2111;5435750;0
1237;30/12/2025;Pelunasan utang pembelian persediaan ke Bu Lis (pembelian 16/12, 21/12 - 23/12, dan 28/12);;1112;0;5435750
1238;30/12/2025;Pelunasan utang pembelian persediaan ke Bu Lis (pembelian 17/12);;2111;5980000;0
1239;30/12/2025;Pelunasan utang pembelian persediaan ke Bu Lis (pembelian 17/12);;1112;0;5980000
1240;30/12/2025;Pembayaran sewa mobil L300 bulan Desember 2025;;5133;6000000;0
1241;30/12/2025;Pembayaran sewa mobil L300 bulan Desember 2025;;1112;0;6000000
1242;30/12/2025;Pembayaran sewa mobil grandmax bulan Desember;;5133;2672000;0
1243;30/12/2025;Pembayaran sewa mobil grandmax bulan Desember;;1112;0;2672000
1244;30/12/2025;Pembayaran sewa mobil grandmax bulan November;;2131;4000000;0
1245;30/12/2025;Pembayaran sewa mobil grandmax bulan November;;1112;0;4000000
1246;30/12/2025;Pembayaran sewa gedung bulan November dan Desember ke PDM;;2131;3000000;0
1247;30/12/2025;Pembayaran sewa gedung bulan November dan Desember ke PDM;;5132;3000000;0
1248;30/12/2025;Pembayaran sewa gedung bulan November dan Desember ke PDM;;1112;0;6000000
1249;30/12/2025;Pembayaran profit sharing PDM;;2171;2179000;0
1250;30/12/2025;Pembayaran profit sharing PDM;;1112;0;2179000
1251;30/12/2025;Kas masuk untuk membantu modal SCS;;1112;5000000;0
1252;30/12/2025;Kas masuk untuk membantu modal SCS;;3111;0;5000000
1253;31/12/2025;Penjualan 3 pcs susu ultramilk full cream 250 ml ke Mas Dandi;;5111;18000;0
1254;31/12/2025;Penjualan 3 pcs susu ultramilk full cream 250 ml ke Mas Dandi;;1131;0;18000
1255;31/12/2025;Penjualan 3 pcs susu ultramilk full cream 250 ml ke Mas Dandi;;1111;18000;0
1256;31/12/2025;Penjualan 3 pcs susu ultramilk full cream 250 ml ke Mas Dandi;;4111;0;18000
1257;31/12/2025;Reimburse kuota internet ke Mba Ruhma;;5173;50000;0
1258;31/12/2025;Reimburse kuota internet ke Mba Ruhma;;1111;0;50000
1259;31/12/2025;Reimburse kuota internet ke Mas Dandi;;5173;50000;0
1260;31/12/2025;Reimburse kuota internet ke Mas Dandi;;1111;0;50000
1261;31/12/2025;Gaji bulan Desember Mba Ruhma;;5121;2149000;0
1262;31/12/2025;Gaji bulan Desember Mba Ruhma;;2121;0;2149000
1263;31/12/2025;Gaji bulan Desember Mas Dandi;;5121;2239000;0
1264;31/12/2025;Gaji bulan Desember Mas Dandi;;2121;0;2239000
1265;31/12/2025;Gaji bulan Desember Pak Sodik;;5121;2327813;0
1266;31/12/2025;Gaji bulan Desember Pak Sodik;;2121;0;2327813
1267;31/12/2025;Gaji bulan Desember Mas Irfan;;5121;985000;0
1268;31/12/2025;Gaji bulan Desember Mas Irfan;;2121;0;985000
1269;31/12/2025;Gaji bulan Desember Mas Rifki;;5121;1552000;0
1270;31/12/2025;Gaji bulan Desember Mas Rifki;;2121;0;1552000
1271;31/12/2025;Perlengkapan 2 pack tissue habis (pembelian 2/12);;5151;15000;0
1272;31/12/2025;Perlengkapan 2 pack tissue habis (pembelian 2/12);;1141;0;15000
1273;31/12/2025;Perlengkapan 3 pack plastik putih habis (pembelian 11/11);;5151;30750;0
1274;31/12/2025;Perlengkapan 3 pack plastik putih habis (pembelian 11/11);;1141;0;30750
1275;31/12/2025;Perlengkapan 1 pcs nota 2 ply habis (pembelian 26/11);;5151;3500;0
1276;31/12/2025;Perlengkapan 1 pcs nota 2 ply habis (pembelian 26/11);;1141;0;3500
